date,parkinson_volatility
2014-07-14,1.7845247158317354e-05
2014-07-15,0.0
2014-07-16,0.0
2014-07-17,0.0
2014-07-18,0.0
2014-07-21,0.0045499704106588025
2014-07-22,0.000780538360165602
2014-07-23,0.00011024137302704432
2014-07-24,2.78017848984162e-05
2014-07-25,2.78017848984162e-05
2014-07-28,2.78017848984162e-05
2014-07-29,0.0002955222615934891
2014-07-30,0.00014092818617969163
2014-07-31,0.0005445917064126096
2014-08-01,0.0003131970804799051
2014-08-04,0.0
2014-08-05,2.997141914919537e-05
2014-08-06,0.0003008814154090299
2014-08-07,4.155294141521443e-05
2014-08-08,4.155294141521443e-05
2014-08-11,0.0002327576541152233
2014-08-12,0.00021704395735016108
2014-08-13,0.0015790012777172012
2014-08-14,0.0014097998039593073
2014-08-15,0.00046140788653283564
2014-08-18,0.00041237403894842545
2014-08-19,0.0014041887464885782
2014-08-20,0.001574985111361928
2014-08-21,0.00030729338197207353
2014-08-22,0.0006605317554840445
2014-08-25,0.00043008827014473484
2014-08-26,0.001905451834811046
2014-08-27,0.0004678220923240304
2014-08-28,7.075095765881724e-05
2014-08-29,0.001006708456095991
2014-09-03,0.00018526026843268545
2014-09-04,0.00033172648821800846
2014-09-05,0.00018526026843268545
2014-09-08,0.0014658188921511793
2014-09-09,0.0010122082139333033
2014-09-10,0.0008025888978894284
2014-09-11,0.00025011627184904267
2014-09-12,0.00025328263966618506
2014-09-15,5.663959400249215e-05
2014-09-16,6.94888815337029e-05
2014-09-17,0.00025011627184904267
2014-09-18,0.00025011627184904267
2014-09-19,0.0006958534895583465
2014-09-22,0.0005772319510342484
2014-09-23,0.000908818294890288
2014-09-24,0.0002874747287327975
2014-09-25,0.0010567753205394383
2014-09-26,0.0006473245422984231
2014-09-29,4.584336708839474e-05
2014-09-30,0.00020705744395613918
2014-10-01,0.0001152740563851694
2014-10-02,0.00019748033396542334
2014-10-03,0.0001088571847212666
2014-10-06,5.173113157279417e-05
2014-10-07,5.173113157279417e-05
2014-10-08,0.0001234407778477712
2014-10-09,2.7036844614714912e-05
2014-10-10,0.00024335592526716627
2014-10-13,0.0004601408836931073
2014-10-14,0.00011709870199853138
2014-10-15,0.00011709870199853138
2014-10-16,0.001453451079799308
2014-10-17,0.0005031140451172961
2014-10-20,0.00025546027860643317
2014-10-21,0.0002856336950106588
2014-10-22,0.00012575658264606847
2014-10-23,0.000296661344293314
2014-10-24,0.00029106919481472905
2014-10-27,0.0004504349349538385
2014-10-28,0.0002856336950106588
2014-10-29,0.00013058806651286713
2014-10-30,0.00013058806651286713
2014-10-31,0.00013058806651286713
2014-11-03,0.00055360450744225
2014-11-04,0.0005646119480755666
2014-11-05,0.00032072257348835154
2014-11-06,0.001759644886770261
2014-11-07,0.0012726388778142265
2014-11-10,0.00014112537031342684
2014-11-11,0.00014395901480334977
2014-11-12,3.563114740513459e-05
2014-11-13,3.563114740513459e-05
2014-11-14,0.00014112537031342684
2014-11-17,7.618261064256566e-05
2014-11-18,3.7091148974949965e-05
2014-11-19,7.934386178752691e-05
2014-11-20,0.00022960059832564456
2014-11-21,0.00022960059832564456
2014-11-24,0.00015912186004367562
2014-11-25,0.00036961200942333674
2014-11-26,0.00027866994866071953
2014-11-27,0.00017724870456035848
2014-11-28,0.0004033090314204272
2014-12-01,0.0017212932393320204
2014-12-02,0.001471723813927457
2014-12-03,3.9824728537304164e-05
2014-12-04,0.00032072257348835154
2014-12-05,0.0003156071462596926
2014-12-08,0.00014988847139507248
2014-12-09,3.7091148974949965e-05
2014-12-10,0.0007823573940875652
2014-12-11,0.0004554056885405498
2014-12-12,0.0001468788707944256
2014-12-15,0.00021601498317511006
2014-12-16,3.635015555173929e-05
2014-12-17,3.635015555173929e-05
2014-12-18,3.785503323373385e-05
2014-12-19,0.00032719536916469655
2014-12-22,0.00014112537031342684
2014-12-23,0.00013837457639033566
2014-12-24,0.0015085627747262876
2014-12-25,3.295835536260046e-05
2014-12-26,0.00013058806651286713
2014-12-29,3.295835536260046e-05
2014-12-30,0.00029106919481472905
2014-12-31,0.0001234407778477712
2015-01-05,0.00028034904795133333
2015-01-06,0.00012813817366282788
2015-01-07,0.00012813817366282788
2015-01-08,0.00012813817366282788
2015-01-09,0.0002856336950106588
2015-01-12,0.00025546027860643317
2015-01-13,0.0006929334425768525
2015-01-14,0.0006761238597719984
2015-01-15,0.00010188284466245975
2015-01-16,0.0004216454514052433
2015-01-19,0.00024335592526716627
2015-01-20,0.0002311887789154557
2015-01-21,0.00010188284466245975
2015-01-22,2.568520294803449e-05
2015-01-23,0.00010361707263958218
2015-01-26,0.00010361707263958218
2015-01-27,0.00010361707263958218
2015-01-28,0.00040758894838810754
2015-01-29,0.00036687253496566456
2015-01-30,0.00019754806026669712
2015-02-02,0.00037296546017843665
2015-02-03,0.00010188284466245975
2015-02-04,0.0005944024808681264
2015-02-05,0.00019754806026669712
2015-02-06,9.103701468332255e-05
2015-02-09,8.82117856021792e-05
2015-02-10,8.82117856021792e-05
2015-02-11,0.00020004794916313618
2015-02-12,2.1880843406600036e-05
2015-02-13,8.82117856021792e-05
2015-02-24,0.0012539182694516304
2015-02-25,0.001132923554210025
2015-02-26,0.00016497282423565398
2015-02-27,0.0015120318888337495
2015-03-02,0.0008067365612753876
2015-03-03,0.000555780089885464
2015-03-04,0.00020004794916313618
2015-03-05,0.0003641940229625291
2015-03-06,0.00020078827504745224
2015-03-09,0.0018417385501288425
2015-03-10,0.000917291113945838
2015-03-11,0.0013519178070281537
2015-03-12,0.0013256004184481758
2015-03-13,0.0011611560451091666
2015-03-16,0.00023514108171091838
2015-03-17,0.00023514108171091838
2015-03-18,0.00010539596065278883
2015-03-19,0.00010722105544915411
2015-03-20,0.00023919561173470067
2015-03-23,0.00024762573459524484
2015-03-24,0.000700169731297848
2015-03-25,0.00045203113929783014
2015-03-26,0.0002463000552412294
2015-03-27,0.00028034904795133333
2015-03-30,0.00028034904795133333
2015-03-31,0.00012575658264606847
2015-04-01,0.0002856336950106588
2015-04-02,3.1733354020990673e-05
2015-04-03,0.00012813817366282788
2015-04-06,0.00013058806651286713
2015-04-07,0.000512643763312816
2015-04-08,0.00028034904795133333
2015-04-09,0.00012575658264606847
2015-04-10,0.00028034904795133333
2015-04-13,3.1733354020990673e-05
2015-04-14,0.00012813817366282788
2015-04-15,0.0
2015-04-16,0.00012813817366282788
2015-04-17,3.2337155400176036e-05
2015-04-20,0.00013058806651286713
2015-04-21,3.295835536260046e-05
2015-04-22,3.3597628844651614e-05
2015-04-23,0.0001331088982171687
2015-04-24,0.00109189767051784
2015-04-27,0.0010146220064209059
2015-05-04,0.00028034904795133333
2015-05-05,0.000296661344293314
2015-05-06,0.00013058806651286713
2015-05-07,0.000296661344293314
2015-05-08,0.00013058806651286713
2015-05-11,0.00029106919481472905
2015-05-12,0.0012963210854096908
2015-05-13,0.0018918681395405873
2015-05-14,0.002493313619419898
2015-05-15,0.0004419155834674224
2015-05-18,0.0014254889731767895
2015-05-19,0.00022493302913717452
2015-05-20,0.00021480807812819804
2015-05-21,0.0013697384989773032
2015-05-22,0.0009532757703327315
2015-05-25,0.0005125461541777569
2015-05-26,0.0006843052896051629
2015-05-27,0.0001181608743023556
2015-05-28,0.0001317488779581243
2015-05-29,0.0005256757213160624
2015-06-01,0.00013851640809832118
2015-06-02,0.00039609255352235454
2015-06-03,0.00040177907550529657
2015-06-04,6.237068936186707e-05
2015-06-05,0.00039609255352235454
2015-06-08,0.0001404526744034076
2015-06-09,0.00036355188080544783
2015-06-10,0.0007480646551544198
2015-06-11,6.237068936186707e-05
2015-06-12,6.237068936186707e-05
2015-06-15,0.0001500483741659578
2015-06-16,6.404402455956449e-05
2015-06-17,6.49852873568301e-05
2015-06-18,6.57856155667181e-05
2015-06-19,6.57856155667181e-05
2015-06-22,8.054936371472178e-05
2015-06-23,0.0001483304361575559
2015-06-24,0.0013888749301849206
2015-06-25,0.00025281835249704
2015-06-26,0.00078993446467028
2015-06-29,6.49852873568301e-05
2015-06-30,6.404402455956449e-05
2015-07-01,6.49852873568301e-05
2015-07-02,1.332862710662854e-05
2015-07-03,0.00015186505138061585
2015-07-06,1.8939136565277786e-05
2015-07-07,7.5212510671278e-05
2015-07-08,6.404402455956449e-05
2015-07-09,6.404402455956449e-05
2015-07-10,6.404402455956449e-05
2015-07-13,0.00015408895148368755
2015-07-14,1.9452563388366872e-05
2015-07-15,0.00015829496783010283
2015-07-16,1.9452563388366872e-05
2015-07-17,6.57856155667181e-05
2015-07-20,6.67656787240244e-05
2015-07-21,6.862025150729511e-05
2015-07-22,6.862025150729511e-05
2015-07-23,6.966458593522215e-05
2015-07-24,0.001088077885597809
2015-07-27,0.00028002206800727656
2015-07-28,0.00015186505138061585
2015-07-29,6.57856155667181e-05
2015-07-30,6.67656787240244e-05
2015-07-31,0.0001606621382866575
2015-08-03,0.00016267558000018607
2015-08-04,6.862025150729511e-05
2015-08-05,6.862025150729511e-05
2015-08-06,1.4284650529647524e-05
2015-08-07,1.4284650529647524e-05
2015-08-10,0.00016267558000018607
2015-08-11,2.0288089213604626e-05
2015-08-12,0.00016514207159494044
2015-08-13,6.966458593522215e-05
2015-08-14,6.966458593522215e-05
2015-08-17,0.0001483304361575559
2015-08-18,0.00016981203512651376
2015-08-19,0.00048076889177955636
2015-08-20,0.00047446904537341313
2015-08-21,0.0010842052357942329
2015-08-24,0.000606332536877081
2015-08-25,0.001934644998516789
2015-08-26,8.843516863340873e-05
2015-08-27,0.00034247763248903456
2015-08-28,0.0003686231419136106
2015-08-31,0.0007146008211834079
2015-09-01,0.0005264150493006765
2015-09-03,8.843516863340873e-05
2015-09-04,8.843516863340873e-05
2015-09-07,0.0003990854888967909
2015-09-08,0.0003990854888967909
2015-09-09,0.0003990854888967909
2015-09-10,0.00022314138917149757
2015-09-11,2.7834359169193283e-05
2015-09-14,0.00022711162666401156
2015-09-15,0.00023467086621949736
2015-09-16,0.000119963554986704
2015-09-17,0.00020448290316844636
2015-09-18,1.9644451154090036e-05
2015-09-21,0.0008217182725313251
2015-09-22,0.0003483078726198896
2015-09-23,8.97076535039081e-05
2015-09-24,9.127122210635917e-05
2015-09-25,2.73516854708854e-05
2015-09-28,0.00011036997843532274
2015-09-29,1.9644451154090036e-05
2015-09-30,0.00022314138917149757
2015-10-01,9.42459230887573e-05
2015-10-02,0.00011036997843532274
2015-10-05,0.00021991185048376538
2015-10-06,0.0007589848905501359
2015-10-07,0.00031711423387294175
2015-10-08,0.0009341290586790139
2015-10-09,0.0007145441162316576
2015-10-12,0.0005028158783621988
2015-10-13,0.0012321885894719252
2015-10-14,0.0003316848311982048
2015-10-15,0.0001797664535566723
2015-10-16,0.0009078730775812249
2015-10-19,0.00016981203512651376
2015-10-20,0.0002906797895353709
2015-10-21,0.0003316848311982048
2015-10-22,0.0003079156397975235
2015-10-23,0.0001797664535566723
2015-10-26,0.0001797664535566723
2015-10-27,7.707302003483131e-05
2015-10-28,7.707302003483131e-05
2015-10-29,0.0011813515555026812
2015-10-30,0.00028002206800727656
2015-11-02,0.0002634899021241484
2015-11-03,0.00043535936537983757
2015-11-04,6.49852873568301e-05
2015-11-05,0.0010723105555521231
2015-11-06,0.00025964759849909095
2015-11-09,0.0006202533820730075
2015-11-10,0.00013833693896012168
2015-11-11,6.49852873568301e-05
2015-11-12,0.00027270497122339107
2015-11-13,0.0005256757213160624
2015-11-16,0.0005125461541777569
2015-11-17,0.00036687253496566456
2015-11-18,0.00013851640809832118
2015-11-19,6.862025150729511e-05
2015-11-20,0.00013506908713510396
2015-11-23,0.00012854960713783737
2015-11-24,0.00034002368375688825
2015-11-25,0.0005047146332841397
2015-11-26,0.00022816477019496352
2015-11-27,0.0011544673879548622
2015-11-30,0.0005469816737683294
2015-12-01,0.00039609255352235454
2015-12-02,0.0002427822466732175
2015-12-03,0.000144109521008424
2015-12-04,0.00040177907550529657
2015-12-07,6.148546162982605e-05
2015-12-08,0.0010173357203153801
2015-12-09,0.00039609255352235454
2015-12-10,0.00027270497122339107
2015-12-11,0.00025281835249704
2015-12-14,0.00014791106785657995
2015-12-15,6.076208924161992e-05
2015-12-16,0.0005509909214628264
2015-12-17,5.693758512501885e-05
2015-12-18,1.1683510934735359e-05
2015-12-21,0.00013693327626052465
2015-12-22,0.00023065755928324097
2015-12-23,0.00013693327626052465
2015-12-24,5.693758512501885e-05
2015-12-25,0.00013693327626052465
2015-12-28,0.0005125461541777569
2015-12-29,5.553331292698332e-05
2015-12-30,0.0001152740563851694
2015-12-31,0.0003619084357525076
2016-01-04,0.0003619084357525076
2016-01-05,0.00013693327626052465
2016-01-06,5.693758512501885e-05
2016-01-07,0.0005393163674050569
2016-01-08,0.0006039368429232973
2016-01-11,0.00028002206800727656
2016-01-12,0.00028002206800727656
2016-01-13,6.237068936186707e-05
2016-01-14,0.00013833693896012168
2016-01-15,6.57856155667181e-05
2016-01-18,0.001490714434447192
2016-01-19,0.0004672670783024503
2016-01-20,0.00016981203512651376
2016-01-21,0.00017468293076210075
2016-01-22,0.0007145441162316576
2016-01-25,0.00045432619168299794
2016-01-26,0.0001483304361575559
2016-01-27,6.966458593522215e-05
2016-01-28,0.0001483304361575559
2016-01-29,0.0002783334490936401
2016-02-01,0.00016267558000018607
2016-02-02,8.054936371472178e-05
2016-02-03,6.862025150729511e-05
2016-02-04,6.67656787240244e-05
2016-02-05,0.00015829496783010283
2016-02-15,0.0001606621382866575
2016-02-16,8.054936371472178e-05
2016-02-17,6.67656787240244e-05
2016-02-18,0.0006202533820730075
2016-02-19,7.5212510671278e-05
2016-02-22,0.00014791106785657995
2016-02-23,0.0001404526744034076
2016-02-24,0.0002366034445551012
2016-02-25,0.0002366034445551012
2016-02-26,0.000144109521008424
2016-02-29,0.00012932040241848185
2016-03-01,6.148546162982605e-05
2016-03-02,0.0007394036137618045
2016-03-03,1.1683510934735359e-05
2016-03-04,0.0004999024476249702
2016-03-07,0.0001181608743023556
2016-03-08,0.00013506908713510396
2016-03-09,5.693758512501885e-05
2016-03-10,5.693758512501885e-05
2016-03-11,0.0001181608743023556
2016-03-14,0.0001317488779581243
2016-03-15,5.616510254648585e-05
2016-03-16,0.00023065755928324097
2016-03-17,0.0002366034445551012
2016-03-18,5.9214927581222524e-05
2016-03-21,0.00013693327626052465
2016-03-22,0.00013851640809832118
2016-03-23,5.839580395180394e-05
2016-03-24,0.00013693327626052465
2016-03-25,5.693758512501885e-05
2016-03-28,5.693758512501885e-05
2016-03-29,0.00013851640809832118
2016-03-30,5.9214927581222524e-05
2016-03-31,0.00023994405753196922
2016-04-01,6.148546162982605e-05
2016-04-04,6.148546162982605e-05
2016-04-05,6.148546162982605e-05
2016-04-06,0.00012932040241848185
2016-04-07,6.076208924161992e-05
2016-04-08,0.000144109521008424
2016-04-11,5.9214927581222524e-05
2016-04-12,0.000126017910172321
2016-04-13,0.000144109521008424
2016-04-14,6.148546162982605e-05
2016-04-15,0.0002462550494250906
2016-04-19,0.00027270497122339107
2016-04-20,6.49852873568301e-05
2016-04-21,6.49852873568301e-05
2016-04-22,0.00015408895148368755
2016-04-25,0.000144109521008424
2016-04-26,5.9214927581222524e-05
2016-04-27,0.000144109521008424
2016-04-28,6.148546162982605e-05
2016-04-29,6.148546162982605e-05
2016-05-04,0.0009467243311839158
2016-05-05,0.00013851640809832118
2016-05-06,5.478913749702057e-05
2016-05-09,0.00023955312648529537
2016-05-10,6.60150639397156e-05
2016-05-11,6.60150639397156e-05
2016-05-12,0.0001332427094485708
2016-05-13,0.0002489475618735966
2016-05-16,0.00015547213528172498
2016-05-17,0.00015547213528172498
2016-05-18,0.00013506908713510396
2016-05-19,5.693758512501885e-05
2016-05-20,0.00013693327626052465
2016-05-23,0.0003783164985544683
2016-05-24,0.00031938569207229156
2016-05-25,4.840828475607475e-05
2016-05-26,0.0002116521847772161
2016-05-27,0.0004901839236251005
2016-05-30,4.672029510330315e-05
2016-05-31,5.430130008249844e-05
2016-06-01,4.614556403098134e-05
2016-06-02,9.593141594289505e-06
2016-06-03,0.0004263491045638822
2016-06-06,0.0007210147389474693
2016-06-07,0.0003827494758500126
2016-06-08,0.0001634381644734256
2016-06-09,0.00027281743642033505
2016-06-10,0.0001706254103553077
2016-06-13,4.596420310326286e-05
2016-06-14,0.0019198461818092903
2016-06-15,0.00013504113524362988
2016-06-16,0.0004356837005589437
2016-06-17,0.0008981152175013502
2016-06-20,0.0002895796251929638
2016-06-21,0.0005062150580318883
2016-06-22,0.00027924538743884155
2016-06-23,0.001875473046302889
2016-06-24,0.007005613571302604
2016-06-27,0.0012403951610585212
2016-06-28,0.00022577652112257648
2016-06-29,0.0011800590193856765
2016-06-30,0.00036150839982888855
2016-07-01,0.00021153421188036485
2016-07-04,0.00021153421188036485
2016-07-05,8.780905550751395e-05
2016-07-06,0.00023152362827610646
2016-07-07,0.0014323515659303019
2016-07-08,0.0003292491272707306
2016-07-11,0.0009922693150980577
2016-07-12,0.0007404906469258655
2016-07-13,0.0004727960130670558
2016-07-14,0.0004369846726430771
2016-07-15,0.00123193673509043
2016-07-18,0.0001680912079685453
2016-07-19,0.00031006057330874707
2016-07-20,0.0007182191832101277
2016-07-21,0.001347058929254946
2016-07-22,0.002602231802982936
2016-07-25,0.0005164515952551441
2016-07-26,0.00018656382452630947
2016-07-27,8.728609788591887e-05
2016-07-28,0.0007404906469258655
2016-07-29,0.00017835825059589282
2016-08-01,0.0005164515952551441
2016-08-02,0.0005664455824174519
2016-08-03,0.00021153421188036485
2016-08-04,0.0001953489820731384
2016-08-05,0.0003292491272707306
2016-08-08,8.340578826491527e-05
2016-08-09,0.00018360424706175937
2016-08-10,0.0003387948612052947
2016-08-11,0.00126751180049415
2016-08-12,0.0006582309975992334
2016-08-15,0.0009180627601682348
2016-08-16,0.001083769768799014
2016-08-17,0.000991420532923429
2016-08-18,0.0001404526744034076
2016-08-19,0.0015425603388409992
2016-08-22,0.00037624255730377777
2016-08-23,0.0004001204473264528
2016-08-24,0.0019010673981722885
2016-08-25,0.0004403301921997336
2016-08-26,0.0002724153814354973
2016-08-29,0.001162231399077814
2016-08-30,0.0006492255538780979
2016-08-31,0.00043392224864833055
2016-09-01,0.00015655375555467476
2016-09-05,0.00015655375555467476
2016-09-06,0.000161417079997904
2016-09-07,0.0006309833616925725
2016-09-08,7.115769679638627e-05
2016-09-09,0.0006492255538780979
2016-09-12,0.0006466063123921524
2016-09-13,0.00031445493004730434
2016-09-14,0.00018121870655304166
2016-09-15,0.00021275303975255044
2016-09-16,0.00013922169671349088
2016-09-19,0.00036840972644527263
2016-09-20,0.00018360424706175937
2016-09-21,0.0002459044270476744
2016-09-22,0.0002753014226183856
2016-09-23,0.0002250116165314498
2016-09-26,0.00011022709741431251
2016-09-27,5.500951145357733e-05
2016-09-28,0.0001731106104616366
2016-09-29,0.00029242147078495443
2016-09-30,4.645821455694079e-05
2016-10-03,8.238583891692001e-05
2016-10-04,0.00017090100602092285
2016-10-05,0.00016318176081575226
2016-10-06,0.00019432780773697488
2016-10-07,0.0001460642195207755
2016-10-10,3.455437434898461e-05
2016-10-11,0.00012143556928007672
2016-10-12,0.00026213851039827294
2016-10-13,0.001627006883240261
2016-10-14,0.0003109479230574747
2016-10-17,0.00023428567215122225
2016-10-18,0.0016215226739350066
2016-10-19,0.00012441390371331274
2016-10-20,9.819437984736743e-05
2016-10-21,0.0005095682770337507
2016-10-24,0.0006727673682971023
2016-10-25,0.0001455998374676501
2016-10-26,0.00018192972331416296
2016-10-27,4.2562103412478996e-05
2016-10-28,6.780453927061225e-05
2016-10-31,0.00020718744523434322
2016-11-01,0.00030527440639283547
2016-11-02,0.0001847640303470867
2016-11-03,0.0007990188233099994
2016-11-04,0.0003090091484259724
2016-11-07,8.081236643396132e-05
2016-11-08,0.00023514108171091838
2016-11-09,0.000991420532923429
2016-11-10,0.0002878178156209759
2016-11-11,0.0002263239689902751
2016-11-14,0.0002235773635607234
2016-11-15,0.00017364384341450064
2016-11-16,8.561368766503595e-05
2016-11-17,0.00032471635709705463
2016-11-18,0.0001748221801306493
2016-11-21,4.9949374791933585e-05
2016-11-22,0.0009604311236775438
2016-11-23,0.0003433715201035447
2016-11-24,5.5538760713732806e-05
2016-11-25,0.000224955234443967
2016-11-28,0.00011987780073603605
2016-11-29,3.0243256487371152e-05
2016-11-30,0.00012065291391863947
2016-12-01,8.487391058496016e-05
2016-12-02,4.056012660822144e-05
2016-12-05,0.0006932787684920371
2016-12-06,0.0006057733637705832
2016-12-07,0.0003498437229293652
2016-12-08,0.00017621212913136042
2016-12-09,6.142204824557909e-05
2016-12-12,0.00012804064098220544
2016-12-13,8.770304755868267e-05
2016-12-14,0.00013693327626052465
2016-12-15,6.156168740613561e-05
2016-12-16,5.226629057389132e-05
2016-12-19,0.00168345166386001
2016-12-20,0.0004803511931109994
2016-12-21,5.6228873829354996e-05
2016-12-22,6.170180330434764e-05
2016-12-23,2.6065074539514035e-05
2016-12-26,0.00022937839103365988
2016-12-27,0.00011930329114010545
2016-12-28,2.830901132757076e-05
2016-12-29,8.679478189004046e-05
2016-12-30,9.547081407756315e-05
2017-01-03,6.066245861962086e-05
2017-01-04,4.088809251404136e-05
2017-01-05,9.12300666016639e-06
2017-01-06,5.412003959774955e-05
2017-01-09,3.258674942326542e-05
2017-01-10,0.00015541398894678568
2017-01-11,8.679478189004046e-05
2017-01-12,8.416326414699176e-05
2017-01-13,2.143597453813445e-05
2017-01-16,3.179960414979004e-05
2017-01-17,1.3522225952191035e-05
2017-01-18,4.007493645978657e-06
2017-01-19,3.21895680083019e-05
2017-01-20,0.00012089717214383482
2017-01-23,8.075036767755477e-05
2017-01-24,1.343235208393612e-05
2017-01-25,3.179960414979004e-05
2017-02-02,0.0010724634691855906
2017-02-03,0.00018063709136244312
2017-02-06,0.00023530454796739366
2017-02-07,2.4660252733069337e-05
2017-02-08,0.00014905620763252736
2017-02-09,0.00016787274893024582
2017-02-10,7.727093676989214e-05
2017-02-13,0.0002871118148640659
2017-02-14,4.113139982179658e-05
2017-02-15,9.614388253146394e-05
2017-02-16,0.0003266121102783216
2017-02-17,0.00028159542731245906
2017-02-20,0.00020427136741269116
2017-02-21,5.1677299769029844e-05
2017-02-22,0.00020138078725523997
2017-02-23,0.000163460857790847
2017-02-24,0.00021944039477604361
2017-02-27,0.0003118855374420578
2017-02-28,4.780222682983408e-05
2017-03-01,1.7018955054903067e-05
2017-03-02,0.00011489615079851805
2017-03-03,1.698304034348162e-05
2017-03-06,2.898094297714583e-05
2017-03-07,0.00014504154573615776
2017-03-08,0.00024084683881988336
2017-03-09,2.1888419952500012e-05
2017-03-10,1.909696341391755e-05
2017-03-13,6.982787007237203e-05
2017-03-14,5.046199911768098e-05
2017-03-15,6.244531991354069e-05
2017-03-16,0.00045363584398854277
2017-03-17,0.00013824785890920817
2017-03-20,4.1552941415212744e-05
2017-03-21,1.8439491674775076e-05
2017-03-22,0.00011090190843474427
2017-03-23,5.635674266396501e-05
2017-03-24,2.1933961977759405e-05
2017-03-27,0.00022805044844468925
2017-03-28,0.00010317938775138624
2017-03-29,0.00017774874172713705
2017-03-30,7.800319221984619e-05
2017-03-31,6.163168562753178e-05
2017-04-03,7.76764659103222e-05
2017-04-04,2.5658129951244146e-05
2017-04-05,1.001207607205533e-05
2017-04-07,1.9685939273174516e-05
2017-04-10,1.2172274616545752e-05
2017-04-11,7.256895631188354e-05
2017-04-12,9.946517154119292e-05
2017-04-13,1.889998556391337e-05
2017-04-14,0.00010682997361250799
2017-04-17,0.00011635753298449128
2017-04-18,0.00019392629517954137
2017-04-19,0.00021687428740549598
2017-04-20,1.2172274616545752e-05
2017-04-21,2.258676436110635e-05
2017-04-24,4.840828475607475e-05
2017-04-25,0.00014910529311579454
2017-04-26,0.00010505894703173216
2017-04-27,0.00010427884040377807
2017-04-28,1.2172274616545752e-05
2017-05-03,0.00015078041256943433
2017-05-04,0.00011090190843474427
2017-05-05,4.9895869186365964e-05
2017-05-08,6.94693998650954e-05
2017-05-09,6.932678430014664e-05
2017-05-10,7.234887643104806e-05
2017-05-11,7.286396169788373e-05
2017-05-12,5.817486732918071e-05
2017-05-15,0.001032712718700359
2017-05-16,0.00012834486036055013
2017-05-17,0.0001655206712829227
2017-05-18,9.902333325814497e-05
2017-05-19,2.180058497370984e-05
2017-05-22,0.0006569783912766593
2017-05-23,0.0005993506830592868
2017-05-24,0.001399777015881219
2017-05-25,0.00034965622081870463
2017-05-26,5.270851008219619e-05
2017-05-29,0.0005127861109329397
2017-05-30,0.000166040476165141
2017-05-31,0.0002974762777354877
2017-06-01,0.00021507496834638164
2017-06-02,0.00018648397649368323
2017-06-05,6.385716178782216e-05
2017-06-06,0.00015913800794814802
2017-06-07,0.00011237722461015271
2017-06-08,0.00010938646311133236
2017-06-09,0.00010899673472746088
2017-06-12,7.467236803091588e-05
2017-06-13,0.00013836056997094454
2017-06-14,4.0203434849016144e-05
2017-06-15,3.293836060639546e-05
2017-06-16,3.9800479836451705e-05
2017-06-19,1.2820106796505744e-05
2017-06-20,0.00032056161301491815
2017-06-21,6.527703669887304e-05
2017-06-22,0.00040152710596719476
2017-06-23,0.0006051076774577475
2017-06-26,0.00014908534921432393
2017-06-27,0.00013950756678346755
2017-06-28,0.00014516142832219178
2017-06-29,0.00013007503061759443
2017-06-30,0.0001685189541008167
2017-07-03,0.00011318079337445085
2017-07-04,0.00018046337544588368
2017-07-05,5.7792564069033315e-05
2017-07-06,3.4534775667613275e-05
2017-07-07,2.094613869421691e-05
2017-07-10,0.000317027524641589
2017-07-11,8.198411505755813e-05
2017-07-12,9.06042191834526e-05
2017-07-13,5.5185012349176295e-05
2017-07-14,1.2844499351149722e-05
2017-07-17,0.0002792730918681467
2017-07-18,5.9182751545711545e-05
2017-07-19,2.9110907222101494e-05
2017-07-20,0.00014229238422993332
2017-07-21,0.0007464386679772751
2017-07-24,0.00010899673472746088
2017-07-25,3.436046096459872e-05
2017-07-26,0.00020834347493839584
2017-07-27,7.05531848293575e-05
2017-07-28,7.888787737475184e-05
2017-07-31,6.093933037114921e-05
2017-08-01,0.00013269657188127524
2017-08-02,7.05531848293575e-05
2017-08-03,0.00012101224111406375
2017-08-04,0.0008392357491928128
2017-08-07,0.0002386830848445345
2017-08-08,0.00017819715706774222
2017-08-09,0.00014320301464903657
2017-08-10,0.00021954414453104396
2017-08-11,0.0001034032206198202
2017-08-14,9.226070248106084e-05
2017-08-15,0.00012560923520873972
2017-08-16,5.3078602079918584e-05
2017-08-17,0.00010669479198869174
2017-08-18,0.00017265269567849409
2017-08-21,3.248558492464946e-05
2017-08-22,8.37256605433816e-05
2017-08-23,8.569032141343854e-05
2017-08-24,9.512565712622717e-05
2017-08-25,5.5751120665197136e-05
2017-08-28,1.997063291789585e-05
2017-08-29,0.00010055937483414378
2017-08-30,0.00029411240303590605
2017-08-31,1.4632488091717271e-05
2017-09-01,2.0691772334753368e-05
2017-09-05,7.106342785638466e-05
2017-09-06,4.2562103412478996e-05
2017-09-07,3.066262676423364e-05
2017-09-08,5.1813837187385416e-05
2017-09-11,0.00019969940147627645
2017-09-12,6.407141607143598e-05
2017-09-13,0.00015937875604747398
2017-09-14,9.149792200340611e-05
2017-09-15,6.841039713236549e-05
2017-09-18,0.00010227314371042197
2017-09-19,6.09735149736151e-05
2017-09-20,1.3523166880116357e-05
2017-09-21,2.3092163147746623e-05
2017-09-22,0.000210707900055515
2017-09-25,0.00014851520111833048
2017-09-26,9.117920167894888e-05
2017-09-27,0.00016494531578045468
2017-09-28,0.00011753952623634431
2017-09-29,2.238722459105783e-05
2017-10-02,6.484014561654345e-05
2017-10-03,6.755831449089408e-05
2017-10-04,6.68639930735322e-05
2017-10-05,9.117920167894888e-05
2017-10-06,2.1973111223128304e-05
2017-10-09,5.0179344872367374e-05
2017-10-10,0.0004950425609319326
2017-10-11,9.563403916255169e-05
2017-10-12,2.835672411384615e-05
2017-10-13,9.442683680140103e-05
2017-10-16,9.068865336720522e-05
2017-10-17,4.896791737868938e-05
2017-10-18,0.00020901448725230926
2017-10-19,0.0002653461534742675
2017-10-20,0.0011822782794258652
2017-10-23,7.932702226660899e-05
2017-10-24,0.00021628600709241546
2017-10-25,0.00017178313556338631
2017-10-26,0.00043411529181301234
2017-10-27,6.15903901916861e-05
2017-10-30,0.0002443314088681569
2017-10-31,3.7024369587447875e-05
2017-11-01,0.00012722574476769138
2017-11-02,0.001453650698147253
2017-11-03,0.000722842846497022
2017-11-06,0.00012827490674913153
2017-11-07,4.944120873015032e-05
2017-11-08,6.454024688872655e-05
2017-11-09,0.00013343850713254334
2017-11-10,0.00015857221772071404
2017-11-13,5.7223409313386005e-05
2017-11-14,0.0008895576766401934
2017-11-15,0.00018963877146878553
2017-11-16,0.00010307877740308448
2017-11-17,0.00011505423236589413
2017-11-20,0.00018988400229725006
2017-11-21,8.353921873099117e-05
2017-11-22,0.000150132800962569
2017-11-23,0.00013103095207434357
2017-11-24,3.7820045834819434e-05
2017-11-27,0.0006720914190285371
2017-11-28,0.000179884555965636
2017-11-29,8.11899368253496e-05
2017-11-30,3.8656653272749315e-05
2017-12-01,7.62242667822917e-05
2017-12-04,6.23452363989612e-05
2017-12-05,0.00028660120011436994
2017-12-06,0.00030266243212228607
2017-12-07,0.00014612429230181367
2017-12-08,8.322227017787057e-05
2017-12-11,0.00013702143305826042
2017-12-12,0.0008001262901432977
2017-12-13,0.00024403163792104275
2017-12-14,0.0006782667414092224
2017-12-15,0.00022536944708040154
2017-12-18,6.567150345548263e-05
2017-12-19,0.0002076542222580591
2017-12-20,8.204403235584176e-05
2017-12-21,0.00013500018693813376
2017-12-22,0.00024400559695868454
2017-12-25,6.065193509749691e-05
2017-12-26,6.001169028211775e-05
2017-12-27,0.0001691603257617503
2017-12-28,4.638936570679149e-05
2017-12-29,0.00011911939399514213
2018-01-02,4.5685680645125576e-05
2018-01-03,0.00020481681160676725
2018-01-04,3.8706727548202285e-05
2018-01-05,9.950769490615598e-05
2018-01-08,8.329560465916884e-05
2018-01-09,9.21520182728903e-05
2018-01-10,8.329560465916884e-05
2018-01-11,2.0830180990636265e-05
2018-01-12,6.721101850940721e-05
2018-01-15,7.917918400028353e-06
2018-01-16,4.638936570679149e-05
2018-01-17,0.0001783653211016493
2018-01-18,0.0002690975725826336
2018-01-19,0.00014531177351059533
2018-01-22,0.0003776571463459247
2018-01-23,0.0
2018-01-24,0.0
2018-01-25,0.0002516676323495024
2018-01-26,0.00014462211319974137
2018-01-29,0.0008221904852297311
2018-01-30,0.0002393066454132362
2018-01-31,8.507221109544452e-05
2018-02-01,0.002399242662863577
2018-02-02,0.0002535533184711235
2018-02-05,0.00037775679847007975
2018-02-06,0.0006518474262382318
2018-02-07,0.00014012124670952997
2018-02-08,0.0004066967388015097
2018-02-09,0.0004548274288891845
2018-02-12,0.0003423097864504345
2018-02-13,0.0011083818370160434
2018-02-21,0.0001291876679334937
2018-02-22,0.00037146060625173674
2018-02-23,2.536775520235133e-05
2018-02-26,0.00017966748958563958
2018-02-27,0.0008512836486031554
2018-02-28,9.363468995354112e-05
2018-03-01,0.00014794198525048798
2018-03-02,0.00010838591844800294
2018-03-05,0.00023672764923580216
2018-03-06,0.0005498704614370204
2018-03-07,0.00014609284939271527
2018-03-08,8.702747705196495e-05
2018-03-09,5.9194645510798056e-05
2018-03-12,7.629629881417505e-05
2018-03-13,6.944624313794508e-05
2018-03-14,0.0001947894209381761
2018-03-15,6.074100717230481e-05
2018-03-16,0.0007044823487750814
2018-03-19,0.00010602545458480218
2018-03-20,0.0003835352888323872
2018-03-21,0.00017335591350933928
2018-03-22,0.00032143224188558396
2018-03-23,0.0004126602408160217
2018-03-26,0.00030647357678622775
2018-03-27,0.00015637599222124608
2018-03-28,8.019557524228977e-05
2018-03-29,0.00019939161065012467
2018-03-30,3.609573823224737e-05
2018-04-02,0.00027800701205692424
2018-04-03,0.0016061545035845207
2018-04-04,0.0004508097508899365
2018-04-05,0.0001825981980180503
2018-04-06,0.00023404736026480074
2018-04-09,0.00024072641705881828
2018-04-10,0.00021320950979781153
2018-04-11,0.0002578387410547314
2018-04-12,0.00047989970892141104
2018-04-13,6.406827656936105e-05
2018-04-16,7.090275735690863e-05
2018-04-17,7.090275735690863e-05
2018-04-18,0.00015826375981761493
2018-04-19,0.0010406839779929934
2018-04-20,0.00034211305385590016
2018-04-23,0.00048681627354344803
2018-04-24,0.00011501687814245794
2018-04-26,0.0009929076643323776
2018-04-27,0.0005657347302304819
2018-05-02,0.0006834325235164728
2018-05-03,0.00011511474922629802
2018-05-04,9.721945955914133e-05
2018-05-07,0.0014412326750295734
2018-05-08,0.00041120168433743403
2018-05-09,0.00015471537347261485
2018-05-10,0.0011813076777061407
2018-05-11,0.00033604009113461696
2018-05-14,0.0002766103394764744
2018-05-15,0.0002908942630542881
2018-05-16,0.00016143209177281332
2018-05-17,0.00015947196476843276
2018-05-18,0.000510326930045851
2018-05-21,0.0004766562075780061
2018-05-22,0.00041880975886938706
2018-05-23,0.0008287213439164616
2018-05-24,0.00019265023632612584
2018-05-25,0.0004599641916159489
2018-05-28,0.0014549408911935684
2018-05-29,0.001192040868667285
2018-05-30,0.0004548355954254916
2018-05-31,0.0005082237316706466
2018-06-01,0.0006205620232615081
2018-06-04,0.00036326702933848484
2018-06-05,0.0002193955733229822
2018-06-06,0.0015891725980802626
2018-06-07,0.00019188089856744572
2018-06-08,0.0010512899809777135
2018-06-11,0.0006625866207522492
2018-06-12,0.0006115064579552413
2018-06-13,0.00017945208183806527
2018-06-14,0.00037524579608360617
2018-06-15,0.00028944261164021786
2018-06-18,0.0013785867987031555
2018-06-19,0.001620634219546208
2018-06-20,0.0002313610370554656
2018-06-21,0.0003267092117296365
2018-06-22,0.0005813549685240735
2018-06-25,0.00020296526772799306
2018-06-26,0.00022969091000338474
2018-06-27,0.0004441339302217464
2018-06-28,0.00039269055610488497
2018-06-29,0.00016894091808283612
2018-07-02,0.0010809022564299711
2018-07-03,0.0023337234109805406
2018-07-04,0.0008327139993538187
2018-07-05,0.0008542587553446171
2018-07-06,0.001971008363862257
2018-07-09,0.0006390928805758236
2018-07-10,0.00020248289526578645
2018-07-11,0.0005543438605179387
2018-07-12,0.0007950038657838526
2018-07-13,0.0002579893527520462
2018-07-16,0.0002443314088681569
2018-07-17,0.0012168513029261504
2018-07-18,0.00015913536539557686
2018-07-19,0.00044379891890770386
2018-07-20,0.0002363405277116395
2018-07-23,0.0003492464186442463
2018-07-24,0.0003605114251750071
2018-07-25,0.00027535056658641873
2018-07-26,0.00044691794633655395
2018-07-27,0.0004599641916159489
2018-07-30,0.00012116317526828965
2018-07-31,0.00010399993598378339
2018-08-01,0.00046048351446677146
2018-08-02,0.0001366199081223126
2018-08-03,0.00020425123827210733
2018-08-06,0.00011745867890955169
2018-08-07,0.0001298530355563901
2018-08-08,0.00032784320926885135
2018-08-09,6.975983889418423e-05
2018-08-10,0.00010690025876402973
2018-08-13,4.59123578080699e-05
2018-08-14,0.0002274472535078174
2018-08-15,0.00037291094558518866
2018-08-16,0.0003773101817787824
2018-08-17,0.0001469965654718217
2018-08-20,0.00026188292159123227
2018-08-21,7.210794292418149e-05
2018-08-22,7.955551357534933e-05
2018-08-23,3.5482644075111634e-05
2018-08-24,7.670461223349104e-05
2018-08-27,0.0002637676103888849
2018-08-28,7.035624011411924e-05
2018-08-29,4.817123332048651e-05
2018-08-30,4.8238784312527476e-05
2018-08-31,0.0003321837775770151
2018-09-04,0.00016217382879176557
2018-09-05,0.0002300056716010351
2018-09-06,4.988470770155654e-05
2018-09-07,8.59356350655334e-05
2018-09-10,4.930316548768844e-05
2018-09-11,0.00024441296381302554
2018-09-12,5.530491836380812e-05
2018-09-13,0.00011676842182997193
2018-09-14,3.500978865793176e-05
2018-09-17,9.638320581088624e-05
2018-09-18,0.00022512283189565253
2018-09-19,0.00011676842182997193
2018-09-20,4.8956731489815785e-05
2018-09-21,0.0004710794715405545
2018-09-24,5.085729007098074e-05
2018-09-25,3.0575401622750916e-05
2018-09-26,7.421400637874426e-05
2018-09-27,0.0003322654596982004
2018-09-28,0.00016018825772358717
2018-10-01,3.7074437200245114e-05
2018-10-02,5.924398111422722e-05
2018-10-03,4.475429197585435e-05
2018-10-04,6.081359723349326e-05
2018-10-05,0.00026605845988823666
2018-10-08,0.0001624628783265523
2018-10-09,0.0001341040158135544
2018-10-10,5.9892773499176936e-05
2018-10-11,0.00045780168426541124
2018-10-12,0.00026303970671555154
2018-10-15,0.000150535651024612
2018-10-16,0.00013131088919854858
2018-10-17,8.172573982104166e-05
2018-10-18,0.00010689555191262324
2018-10-19,8.217870143122875e-05
2018-10-22,6.436350990789139e-05
2018-10-23,0.0008931031904351259
2018-10-24,0.0005412353308728857
2018-10-25,0.0007029442127619223
2018-10-26,0.0014941878982141707
2018-10-29,0.0007311332792358233
2018-10-30,0.0004855302593661
2018-10-31,0.0006497387724602216
2018-11-01,0.00035051732060014783
2018-11-02,0.00017812515956314675
2018-11-05,0.00017072918950567761
2018-11-06,0.00011351361580798503
2018-11-07,0.0001661788665339739
2018-11-08,0.0004064758690143349
2018-11-09,0.0011006152628953117
2018-11-12,0.0006275959389182875
2018-11-13,6.971490960326153e-05
2018-11-14,0.00011022385334360195
2018-11-15,0.00016628744454744114
2018-11-16,0.0002776718470366073
2018-11-19,0.00031944742120700536
2018-11-20,4.14469505458179e-05
2018-11-21,0.00016630633854282226
2018-11-22,3.170426953591114e-05
2018-11-23,0.00019954789925042863
2018-11-26,0.000125252237645638
2018-11-27,9.601623814010576e-05
2018-11-28,2.3145046512399356e-05
2018-11-29,4.990245467594157e-05
2018-11-30,6.064837629064399e-05
2018-12-03,0.00043359872335447836
2018-12-04,4.635444466601821e-05
2018-12-05,0.0002646486641997221
2018-12-06,0.00018414785628137158
2018-12-07,5.541558057278854e-05
2018-12-10,3.785811137049769e-05
2018-12-11,3.8024889920142474e-05
2018-12-12,0.0002581816945959756
2018-12-13,7.882096339373841e-05
2018-12-14,4.6252899383422436e-05
2018-12-17,0.00029899972980341246
2018-12-18,0.00026703625640617327
2018-12-19,8.676429529721558e-05
2018-12-20,5.968841327624316e-05
2018-12-21,0.0006078506809163581
2018-12-24,4.763482655019268e-05
2018-12-25,0.00023895421717423431
2018-12-26,5.897222880478142e-05
2018-12-27,8.457466278172685e-05
2018-12-28,0.0002866606453110862
2019-01-02,0.00011139031015163874
2019-01-03,0.00036327388929215554
2019-01-04,0.00014778238922892863
2019-01-07,0.00014709660599883547
2019-01-08,5.0475396235770954e-05
2019-01-09,0.000140898968794526
2019-01-10,8.656769166063507e-05
2019-01-11,4.9302003315375924e-05
2019-01-14,5.0475396235770954e-05
2019-01-15,9.601623814010576e-05
2019-01-16,0.00010722105544915683
2019-01-17,3.199156794255613e-05
2019-01-18,6.0097014964738484e-05
2019-01-21,6.1395406626363e-05
2019-01-22,3.3155271192369414e-05
2019-01-23,1.3690312485118728e-05
2019-01-24,1.7393743209054518e-05
2019-01-25,2.370231145458764e-05
2019-01-28,5.145246603041502e-05
2019-01-29,0.00034730168085255793
2019-01-30,7.245779969616426e-05
2019-01-31,0.00011316419069205758
2019-02-01,9.03510491255908e-05
2019-02-11,6.1395406626363e-05
2019-02-12,2.5161319793739848e-05
2019-02-13,0.00012860101689787505
2019-02-14,3.981476656842292e-05
2019-02-15,4.8969000087516316e-05
2019-02-18,2.223680538889906e-05
2019-02-19,0.00011928182348150769
2019-02-20,2.173013485371681e-05
2019-02-21,3.061547889921478e-05
2019-02-22,0.0003072827034102626
2019-02-25,0.00012909545139486766
2019-02-26,0.00011372834892322723
2019-02-27,0.00011949816013578408
2019-02-28,0.00016965050474066295
2019-03-01,3.844668997186755e-05
2019-03-04,0.00020306702339735222
2019-03-05,0.0002260175133596041
2019-03-06,4.676398831017928e-05
2019-03-07,3.7941363187313585e-05
2019-03-08,4.7740959181461187e-05
2019-03-11,4.717898357301808e-05
2019-03-12,2.337143270881555e-05
2019-03-13,0.00010402934914413273
2019-03-14,4.5518325104059274e-05
2019-03-15,4.5716918375172324e-05
2019-03-18,2.9667744161232634e-05
2019-03-19,0.00019585191982348914
2019-03-20,7.636605853905143e-05
2019-03-21,6.555482786753245e-05
2019-03-22,5.656451471175349e-05
2019-03-25,0.0003652065464156177
2019-03-26,8.822674211494104e-05
2019-03-27,1.1781654314313229e-05
2019-03-28,1.706300573955249e-05
2019-03-29,2.5218733609678395e-05
2019-04-01,6.064837629064399e-05
2019-04-02,5.036002125435756e-05
2019-04-03,3.3155271192369414e-05
2019-04-04,4.183042808767541e-05
2019-04-05,0.00015133380085768108
2019-04-08,5.109747810704999e-05
2019-04-09,4.202416572314777e-05
2019-04-10,0.00010093377072597717
2019-04-11,4.304691540300627e-05
2019-04-12,4.33848087569964e-05
2019-04-16,3.5037399347311286e-05
2019-04-17,2.716498274808412e-05
2019-04-18,0.00010987433489598216
2019-04-19,4.389915742312865e-05
2019-04-22,4.274617509218247e-05
2019-04-23,3.4196410607607644e-05
2019-04-24,2.6327566965182014e-05
2019-04-25,5.1691183800344455e-05
2019-04-26,0.00014879267254288848
2019-05-02,5.883937996636133e-05
2019-05-03,4.017576666294397e-05
2019-05-06,0.00011674037742276422
2019-05-07,5.109747810704999e-05
2019-05-08,0.00010023064127831576
2019-05-09,7.296002551999202e-05
2019-05-10,6.064837629064399e-05
2019-05-13,9.667541602834959e-05
2019-05-14,5.9824149590247146e-05
2019-05-15,0.00011064435685556451
2019-05-16,9.226774225797537e-05
2019-05-17,4.816905661913411e-05
2019-05-20,0.0001700253142749618
2019-05-21,6.555482786753245e-05
2019-05-22,7.603378014395674e-05
2019-05-23,4.848485155999002e-05
2019-05-24,0.0002697856083677664
2019-05-27,0.00010776230915114358
2019-05-28,3.674726924979581e-05
2019-05-29,5.4183910112059595e-05
2019-05-30,3.97766707879123e-05
2019-05-31,0.00014019939459466855
2019-06-03,0.00017449144002107248
2019-06-04,9.650164285484836e-05
2019-06-05,3.001518163266044e-05
2019-06-06,4.962902372764542e-05
2019-06-07,0.00011837504251925514
2019-06-10,6.624285108804677e-05
2019-06-11,0.0001126707726379237
2019-06-12,9.833488662245175e-05
2019-06-13,0.00011643953706501747
2019-06-14,3.560867213409818e-05
2019-06-17,0.0001304891430165409
2019-06-18,2.263667797140993e-05
2019-06-19,5.613598608787289e-05
2019-06-20,0.00034513150868089156
2019-06-21,5.321377484154659e-05
2019-06-24,0.00013552602969147057
2019-06-25,5.967620746900864e-05
2019-06-26,0.00019127834954685836
2019-06-27,0.00017075867491970218
2019-06-28,0.00017075867491970218
2019-07-01,9.053984111318586e-05
2019-07-02,8.118169869201792e-05
2019-07-03,4.071109084173983e-05
2019-07-04,5.680432440355666e-05
2019-07-05,2.4955490398546025e-05
2019-07-08,5.837447806792313e-05
2019-07-09,0.0003745035220238327
2019-07-10,0.00017829740014851012
2019-07-11,6.262607856904864e-05
2019-07-12,0.00016392055298510624
2019-07-15,0.0005481487118695935
2019-07-16,9.817473014647552e-05
2019-07-17,4.2653254034841746e-05
2019-07-18,0.00031214315826502394
2019-07-19,0.00013054863239380401
2019-07-22,0.0001708200937225443
2019-07-23,0.00021055270736519807
2019-07-24,0.00016400327320543313
2019-07-25,0.0001245354921040611
2019-07-26,0.00022818825653022647
2019-07-29,0.00035206616279027356
2019-07-30,0.0003533388978372488
2019-07-31,0.0004727209347898922
2019-08-01,0.0002620091170928898
2019-08-02,6.898418837699627e-05
2019-08-05,0.00041356851516058217
2019-08-06,0.0004629601072965983
2019-08-07,0.000510526857192542
2019-08-08,0.0001450032812069981
2019-08-09,0.00024484223301799704
2019-08-12,0.00031272756383378007
2019-08-13,0.0003048804952913712
2019-08-14,4.3149512174242074e-05
2019-08-15,0.00026384284125064415
2019-08-16,0.0006463989217815984
2019-08-19,0.0003202143516824005
2019-08-20,0.00010161157846599673
2019-08-21,0.0001676080493242516
2019-08-22,0.00023106559646431438
2019-08-23,0.00024110912128193226
2019-08-26,0.0001974240531459039
2019-08-27,0.0009882372318716073
2019-08-28,8.257061930732689e-05
2019-08-29,0.00010035899720106637
2019-08-30,0.00012809151369929487
2019-09-03,4.403786207848801e-05
2019-09-04,3.773737417604166e-05
2019-09-05,0.00024110912128193226
2019-09-06,0.0001313645965128125
2019-09-09,5.145066387852154e-05
2019-09-10,0.00016892655486725356
2019-09-11,0.00015720815454379878
2019-09-12,0.00015158679695763676
2019-09-13,0.0005978652048926687
2019-09-16,0.00011281637655952045
2019-09-17,5.3157237612161005e-05
2019-09-18,0.00020269526039361888
2019-09-19,0.00029318313355563907
2019-09-20,0.00032941500020528057
2019-09-23,0.00028478264699605425
2019-09-24,0.00016036092310346022
2019-09-25,0.0003774995761527151
2019-09-26,9.135928295540904e-05
2019-09-27,0.00017301937895846186
2019-09-30,0.0002688805213566471
2019-10-01,6.560351288698085e-05
2019-10-02,0.0001415070037438926
2019-10-03,3.372123000834596e-05
2019-10-04,0.00018560278727409467
2019-10-07,0.00017914217525198347
2019-10-08,0.00013748742895608286
2019-10-09,4.0118945400881256e-05
2019-10-10,5.9436271825462196e-05
2019-10-11,2.9235848282463675e-05
2019-10-14,0.0001466082634471902
2019-10-15,4.477696145403087e-05
2019-10-16,5.064137735683592e-05
2019-10-17,0.00012595339763439665
2019-10-18,4.032614811900355e-05
2019-10-21,8.634133635926189e-05
2019-10-22,4.0639974993607173e-05
2019-10-23,0.00012718766319210723
2019-10-24,0.0004206326769932806
2019-10-25,3.226029617320654e-05
2019-10-28,6.428030302939466e-05
2019-10-29,4.303775549066123e-05
2019-10-30,0.00010004015373235307
2019-10-31,4.4709004635873806e-05
2019-11-01,0.00021179775156607866
2019-11-04,0.00020912195453308866
2019-11-05,3.830462574729372e-05
2019-11-06,5.350506429959479e-05
2019-11-07,3.3346830440103906e-05
2019-11-08,9.299658387710127e-05
2019-11-11,0.0001973449858093863
2019-11-12,4.708497157864945e-05
2019-11-13,0.00033990897692096327
2019-11-14,0.0005670688497828325
2019-11-15,7.358955610367859e-05
2019-11-18,0.00010248346735216119
2019-11-19,4.352024806225129e-05
2019-11-20,0.000135338568433666
2019-11-21,0.00033033712010513124
2019-11-22,0.0004956988768310885
2019-11-25,0.0006600668273524196
2019-11-26,4.742618750939427e-05
2019-11-27,4.726741326429079e-05
2019-11-28,0.0003208793168247898
2019-11-29,0.00018022708821983737
2019-12-02,5.8974245124935894e-05
2019-12-03,0.00020870369233726765
2019-12-04,0.0005708060940790898
2019-12-05,0.00024445907815044704
2019-12-06,3.0409903516433674e-05
2019-12-09,7.682458584364269e-05
2019-12-10,5.991388841252755e-05
2019-12-11,0.0002101547388085331
2019-12-12,1.7712104097285902e-05
2019-12-13,0.00016255798273760722
2019-12-16,8.068960802497992e-05
2019-12-17,5.421055620133354e-05
2019-12-18,0.0004401064184021522
2019-12-19,0.00016070039987365418
2019-12-20,7.356734765489902e-05
2019-12-23,4.2034399702128875e-05
2019-12-24,4.234661567814302e-05
2019-12-25,0.00019234438270856753
2019-12-26,8.904982734508393e-05
2019-12-27,2.9076688831445098e-05
2019-12-30,4.703074272382214e-05
2019-12-31,2.1698042773568648e-05
2020-01-02,0.0002947915256102495
2020-01-03,0.000166908562464554
2020-01-06,5.334497071929422e-05
2020-01-07,0.00014753524534060337
2020-01-08,0.0001330594972498254
2020-01-09,6.949940504246129e-05
2020-01-10,4.612705195850182e-05
2020-01-13,3.978804502176512e-05
2020-01-14,2.841905741662822e-05
2020-01-15,7.14825113588973e-06
2020-01-16,0.0001231836461971294
2020-01-17,1.6897307472891993e-05
2020-01-20,0.00025415245972018645
2020-01-21,0.00011407238543730657
2020-01-22,6.626972706414944e-05
2020-01-30,0.00045596469059141045
2020-01-31,0.0004764915741202148
2020-02-03,0.0010973064433721924
2020-02-04,0.0005131185864903552
2020-02-05,8.924263193453175e-05
2020-02-06,0.00016219778536251517
2020-02-07,6.798032580793792e-05
2020-02-10,9.294130043178042e-05
2020-02-11,2.00209230569876e-05
2020-02-12,0.00022445315436459996
2020-02-13,3.776409013299439e-05
2020-02-14,0.00010327896616971969
2020-02-17,5.337087326144918e-05
2020-02-18,0.00013527900323298048
2020-02-19,7.53212423210276e-05
2020-02-20,4.263791284222537e-05
2020-02-21,0.0001403865352791293
2020-02-24,0.00032124229804383783
2020-02-25,0.00010464141412365143
2020-02-26,0.0001839960583822034
2020-02-27,0.00014991799938779223
2020-02-28,0.00023382802545673565
2020-03-02,5.368899025877701e-05
2020-03-03,6.988609599744396e-05
2020-03-04,6.33132861657614e-05
2020-03-05,0.0001417761831788854
2020-03-06,0.0003906546341740568
2020-03-09,0.0002580178368664678
2020-03-10,0.0009646007013656164
2020-03-11,0.002200852880774157
2020-03-12,0.0
2020-03-13,0.005838412738830314
2020-03-16,0.0016631908010210133
2020-03-17,0.002647845035238679
2020-03-18,0.0007075199798220719
2020-03-19,0.0006005389790896119
2020-03-20,0.00033415493473162514
2020-03-23,0.000686444562962554
2020-03-24,0.001885848303938688
2020-03-25,0.001142817169388747
2020-03-26,0.0013436467910977231
2020-03-27,0.0006418089775925105
2020-03-30,0.0034879276856759588
2020-03-31,0.0041853146152491015
2020-04-01,0.0014366277782627641
2020-04-03,0.0008543172843087777
2020-04-06,0.0
2020-04-07,0.0009856688943486287
2020-04-08,0.0006527287314265599
2020-04-09,0.0003515248743871922
2020-04-10,0.000365160431063649
2020-04-13,0.0014376088119926152
2020-04-14,0.0003763339496508582
2020-04-15,0.00041247871239767674
2020-04-16,0.00016240494118058765
2020-04-17,0.0011503926098214714
2020-04-20,0.00040082285098517746
2020-04-21,0.001260984183579739
2020-04-22,0.0019588928015441378
2020-04-23,0.00046944997256360884
2020-04-24,0.0002849091061672804
2020-04-27,0.0003845159837354343
2020-04-28,0.00012162543424139893
2020-04-29,0.0006029315371116269
2020-05-04,0.0002514794591808077
2020-05-05,0.00018549991121435356
2020-05-06,0.000269046976409852
2020-05-07,6.225243318309165e-05
2020-05-08,0.0004210914580301271
2020-05-11,0.00016420518061986778
2020-05-12,0.00027612230011515393
2020-05-13,0.0004795963225110935
2020-05-14,0.00017144363735408871
2020-05-15,0.00017144363735408871
2020-05-18,0.0006712195761627808
2020-05-19,6.902052737819939e-05
2020-05-20,4.995812323147221e-05
2020-05-21,0.0002074661242801562
2020-05-22,0.00021331703593012655
2020-05-25,0.00038320331962260083
2020-05-26,7.044942678210053e-05
2020-05-27,0.00032881279290630734
2020-05-28,7.229882298658497e-05
2020-05-29,3.9755073176516944e-05
2020-06-01,0.00011467531048206354
2020-06-02,0.00011282360632247621
2020-06-03,1.790706846124982e-05
2020-06-04,0.00014247917227354264
2020-06-05,6.054145334437307e-05
2020-06-08,0.0009220888729723986
2020-06-09,0.00022084575301615554
2020-06-10,0.0003914054565254134
2020-06-11,0.0019273145809620663
2020-06-12,0.001282639358305229
2020-06-15,0.000780538360165602
2020-06-16,9.973790386117777e-05
2020-06-17,0.00018519030671417932
2020-06-18,4.091265358682113e-05
2020-06-19,0.00016457462407713986
2020-06-22,0.00024191738756286312
2020-06-23,6.027341542409946e-05
2020-06-24,0.00026654064436166646
2020-06-25,4.937646526925479e-05
2020-06-26,8.630659128012776e-05
2020-06-29,0.0003607527188570027
2020-06-30,0.0003428544451978226
2020-07-01,7.903980598674256e-05
2020-07-02,9.140658766857279e-05
2020-07-03,1.3925244869261183e-05
2020-07-06,0.0002099218829729817
2020-07-07,4.9153583837848166e-05
2020-07-08,6.0188385056380024e-05
2020-07-09,3.218527523891387e-05
2020-07-10,7.136014180015553e-05
2020-07-13,8.8361522075603e-05
2020-07-14,2.5744420239074045e-05
2020-07-15,0.00016694365353399156
2020-07-16,3.44074150548934e-05
2020-07-17,3.44074150548934e-05
2020-07-20,3.2429893455184285e-05
2020-07-21,3.257800537670757e-05
2020-07-22,8.775743273440509e-05
2020-07-23,3.549231476883217e-05
2020-07-24,0.0018344455793218443
2020-07-27,0.0003734710062224033
2020-07-28,0.0004030309466114214
2020-07-29,0.0006561427212068113
2020-07-30,0.0001480986946046708
2020-07-31,0.00031866862197930506
2020-08-03,0.0005463927170573046
2020-08-04,0.00019660305231554458
2020-08-05,0.0004942607121915928
2020-08-06,0.00012814959434477428
2020-08-07,0.00011335458586658819
2020-08-10,9.604823652911392e-05
2020-08-11,5.904715409154718e-05
2020-08-12,4.5027466661268684e-05
2020-08-13,0.00029343295378063796
2020-08-14,0.0001536941833156923
2020-08-17,0.000256707926808392
2020-08-18,9.190551328239888e-05
2020-08-19,2.6327566965182014e-05
2020-08-20,9.190551328239888e-05
2020-08-21,5.181116616941072e-05
2020-08-24,0.0001856106724370328
2020-08-25,0.0006658327016659078
2020-08-26,0.00015245853595678854
2020-08-27,0.00012152300080256776
2020-08-28,0.0006801384093047789
2020-08-31,0.00021663041459978814
2020-09-01,0.00014760612422704689
2020-09-03,0.0002547863361985904
2020-09-04,6.964741472295566e-05
2020-09-07,0.0006447887247224611
2020-09-08,0.00031789101492699497
2020-09-09,0.00021900955766216204
2020-09-10,3.227406468774236e-05
2020-09-11,5.096097707305746e-05
2020-09-14,6.013305723501109e-05
2020-09-15,4.293376694259804e-05
2020-09-16,0.00039462317515233245
2020-09-17,0.00011513322947697652
2020-09-18,2.542705880958936e-05
2020-09-21,0.0006157146861460307
2020-09-22,0.00027023622302828104
2020-09-23,0.0003596969599171992
2020-09-24,0.00011570460771855333
2020-09-25,9.356527365134022e-05
2020-09-28,0.00021854346643674675
2020-09-29,0.00026102653916222976
2020-09-30,0.00019436738321151705
2020-10-01,2.0668695177345657e-05
2020-10-02,0.0010674241841609963
2020-10-05,0.00010810216355108679
2020-10-06,6.342783185358766e-05
2020-10-07,0.0004888098282334706
2020-10-08,9.987030071771386e-05
2020-10-09,0.00012003304250862942
2020-10-12,0.0002412150497094162
2020-10-13,9.294130043178042e-05
2020-10-14,0.0006143195242459691
2020-10-15,0.00019308709334155464
2020-10-16,0.00012221746173208297
2020-10-19,6.27201144321871e-05
2020-10-20,0.00014581910548867308
2020-10-21,0.0002838925358454925
2020-10-22,0.0003471410583799962
2020-10-23,0.00020372240093125154
2020-10-26,0.0002637869119867578
2020-10-27,9.332932276922769e-05
2020-10-28,0.0007251836837483638
2020-10-29,0.000304535586656183
2020-10-30,0.0005611787744214411
2020-11-02,0.00017238331777957356
2020-11-03,0.00010343562450510452
2020-11-04,5.4684049011024325e-05
2020-11-05,0.0001024759031849127
2020-11-06,0.0008270039203277963
2020-11-09,4.5400481493119713e-05
2020-11-10,0.00014309816237434458
2020-11-11,0.00024719371719593636
2020-11-12,0.0002537369281437607
2020-11-13,8.294204997303302e-05
2020-11-16,0.0005610822170370782
2020-11-17,0.00019823544811411922
2020-11-18,0.00011637674491648478
2020-11-19,0.00017031986482882522
2020-11-20,6.527703669887304e-05
2020-11-23,0.0003322633804070042
2020-11-24,0.00024119523195256158
2020-11-25,0.0001655206712829227
2020-11-26,4.0164610394389185e-05
2020-11-27,0.00024884687389979985
2020-11-30,8.725760312909221e-05
2020-12-01,0.00021751802933371258
2020-12-02,9.097608723519403e-05
2020-12-03,0.00010143517201293403
2020-12-04,4.54974112146033e-05
2020-12-07,0.00011034986901034537
2020-12-08,9.01841007644029e-05
2020-12-09,3.883764208257035e-05
2020-12-10,8.116201784036186e-05
2020-12-11,7.082485039628785e-05
2020-12-14,4.034482168490791e-05
2020-12-15,0.00013931167048062703
2020-12-16,1.7838811747528598e-05
2020-12-17,0.00012064128986249521
2020-12-18,0.00011113822862699119
2020-12-21,0.00011817683692799669
2020-12-22,0.000550104253416678
2020-12-23,0.00025610757748922093
2020-12-24,0.0005319658406186489
2020-12-25,0.0002714808872712899
2020-12-28,0.00017358735728755328
2020-12-29,2.1461233121046382e-05
2020-12-30,9.43049841074169e-05
2020-12-31,0.0001268179629408635
2021-01-04,4.323790158035831e-05
2021-01-05,0.00022161874646756458
2021-01-06,0.00013005985821748386
2021-01-07,5.6006148172707474e-05
2021-01-08,0.00010982307537484712
2021-01-11,0.0004481692698237973
2021-01-12,5.147394896305274e-05
2021-01-13,5.048904305490646e-05
2021-01-14,0.00011623637067721779
2021-01-15,2.211106525169331e-05
2021-01-18,7.342841788122885e-05
2021-01-19,0.0016975227457520282
2021-01-20,0.0011654194597760382
2021-01-21,0.0002235773635607234
2021-01-22,0.00015281030638643225
2021-01-25,0.000576953793332051
2021-01-26,0.00024116692910280024
2021-01-27,0.0002919113584147009
2021-01-28,0.0008037415050174057
2021-01-29,0.004279462611029004
2021-02-01,0.001214563887008279
2021-02-02,0.0014137029475632245
2021-02-03,0.0006054988936991934
2021-02-04,0.0006349377350691946
2021-02-05,0.00023130031460604736
2021-02-08,0.00044608871548801625
2021-02-09,0.0003526221367794568
2021-02-17,0.0011181801498802372
2021-02-18,0.00027112741641986384
2021-02-19,7.586157672153388e-05
2021-02-22,0.00013988564150162764
2021-02-23,0.0006535966096814773
2021-02-24,0.00030981793927947494
2021-02-25,0.00014427912279327225
2021-02-26,0.00013448190682892506
2021-03-01,0.0001733480433933976
2021-03-02,5.82340197735737e-05
2021-03-03,2.7372591215099373e-05
2021-03-04,0.0009084191988072041
2021-03-05,8.367181524814919e-05
2021-03-08,0.00013943285720115415
2021-03-09,9.806515968901347e-05
2021-03-10,0.0002957554011243124
2021-03-11,3.906229743356721e-05
2021-03-12,0.00012999646631649302
2021-03-15,0.0002223103591520238
2021-03-16,7.467236803091588e-05
2021-03-17,1.052104862864273e-05
2021-03-18,0.001664083589923764
2021-03-19,4.6094201196697496e-05
2021-03-22,4.6443571357401965e-05
2021-03-23,8.415178597892676e-05
2021-03-24,0.00016657608786964292
2021-03-25,9.403542387958215e-05
2021-03-26,0.0005553560566544325
2021-03-29,0.00015304854475640096
2021-03-30,7.517631910510483e-05
2021-03-31,7.817271926673948e-05
2021-04-01,0.0007442097277482083
2021-04-02,5.6304595353336266e-05
2021-04-05,0.00010335292994294545
2021-04-06,0.00013492100730199712
2021-04-07,0.00011463944452904682
2021-04-08,1.8872903702068315e-05
2021-04-09,3.0137436609141683e-05
2021-04-12,7.794859484484904e-05
2021-04-13,0.0002268473441967789
2021-04-14,7.022540141946884e-05
2021-04-15,0.00020043858344410766
2021-04-16,0.0002055371606259302
2021-04-19,0.0004712978388520338
2021-04-20,0.0005477086631103923
2021-04-22,0.0010796819591455907
2021-04-23,0.0008537340925042856
2021-04-26,0.0004138126119680308
2021-04-27,0.00021865660425901009
2021-04-28,0.00011476055960893403
2021-04-29,0.00017720901950547173
2021-05-04,6.797316461979744e-05
2021-05-05,0.00027654814899046064
2021-05-06,0.00012100715427805772
2021-05-07,0.00015266452632255883
2021-05-10,0.00011725711259525718
2021-05-11,0.00012630219897262902
2021-05-12,8.259686982621177e-05
2021-05-13,7.423777507059013e-05
2021-05-14,0.00019323691445717774
2021-05-17,0.00017035191549628415
2021-05-18,2.966984436614442e-05
2021-05-19,4.0729118897342136e-05
2021-05-20,0.0014733210067717373
2021-05-21,0.00015144962992004276
2021-05-24,9.647521347281074e-05
2021-05-25,3.8251325843722715e-05
2021-05-26,5.04922110758763e-05
2021-05-27,0.00015785290418829397
2021-05-28,4.522541524203328e-05
2021-05-31,0.00016585024139748302
2021-06-01,0.0001744711126372584
2021-06-02,0.0003180888197554766
2021-06-03,0.00014914430609041252
2021-06-04,7.586157672153388e-05
2021-06-07,0.00010371207335755552
2021-06-08,0.00010035211759878962
2021-06-09,0.00012160286448672945
2021-06-10,7.81108485719839e-05
2021-06-11,6.858871184257354e-05
2021-06-14,7.606829118531003e-05
2021-06-15,4.2517187186386874e-05
2021-06-16,3.307367931646078e-05
2021-06-17,0.0011531979331493728
2021-06-18,4.1019204005722635e-05
2021-06-21,0.0004908751865608658
2021-06-22,0.0007991063067045897
2021-06-23,3.878202159016824e-05
2021-06-24,8.230289004500447e-05
2021-06-25,3.905152068974819e-05
2021-06-28,8.956686770215232e-05
2021-06-29,0.00010553122031221096
2021-06-30,0.0007611861118969131
2021-07-01,6.293606172819513e-05
2021-07-02,0.0005482953480469632
2021-07-05,0.0004834182345520662
2021-07-06,0.003356241617450287
2021-07-07,0.001641955739554243
2021-07-08,0.0007270588056853187
2021-07-09,0.0007653397167296205
2021-07-12,0.002353885112134956
2021-07-13,0.00046450585759198043
2021-07-14,0.00113945142326079
2021-07-15,0.000828925794787034
2021-07-16,8.067993079136836e-05
2021-07-19,0.000597983785257221
2021-07-20,0.0009181253687546483
2021-07-21,0.00027075915751201464
2021-07-22,0.000576029804625873
2021-07-23,0.0002380656594279756
2021-07-26,0.000135943055155969
2021-07-27,0.0003549074263732772
2021-07-28,0.00027982006562408745
2021-07-29,0.0006597209195350338
2021-07-30,0.00040120935100314146
2021-08-02,0.001036749582015656
2021-08-03,5.057003423759651e-05
2021-08-04,7.25957008816774e-05
2021-08-05,0.0003418936130044829
2021-08-06,0.00019193030522191167
2021-08-09,0.0002686937338994971
2021-08-10,8.126720372228403e-05
2021-08-11,0.0005217866588867261
2021-08-12,0.0003033957057494798
2021-08-13,0.00016289493951459128
2021-08-16,0.00019991986086606646
2021-08-17,6.049665634566909e-05
2021-08-18,0.00029711147894149396
2021-08-19,0.00011113822862699119
2021-08-20,0.0008190777966164542
2021-08-23,0.0005016165778253533
2021-08-24,0.00026153960666964576
2021-08-25,0.00020984472846525718
2021-08-26,0.00010750921528691262
2021-08-27,9.978991809846375e-05
2021-08-30,8.432252069491401e-05
2021-08-31,2.939473849053703e-05
2021-09-01,0.00013145897425291794
2021-09-06,1.0671214702550043e-05
2021-09-07,6.76707383784036e-05
2021-09-08,5.877312382673882e-05
2021-09-09,0.001531727810160197
2021-09-10,0.00012526572068820765
2021-09-13,0.0009312146778202764
2021-09-14,0.00017270973072504726
2021-09-15,0.0001140158464533342
2021-09-16,6.850496816137711e-05
2021-09-17,7.780578372811792e-05
2021-09-20,0.0007309235068261373
2021-09-21,0.0004606064375658662
2021-09-22,0.00014559983746765328
2021-09-23,0.0010172272084686225
2021-09-24,0.00031239040204796237
2021-09-27,0.00020146103483252388
2021-09-28,0.0002197661383989973
2021-09-29,6.426790149094694e-05
2021-09-30,0.0001174034397535799
2021-10-01,7.321212668181745e-05
2021-10-04,0.00019618839009461804
2021-10-05,6.601869469292335e-05
2021-10-06,0.00028363755721162265
2021-10-07,2.197106961347455e-05
2021-10-08,0.00010614784700871611
2021-10-11,0.0001058392876734018
2021-10-12,0.0002260881147102813
2021-10-13,8.961857839166468e-05
2021-10-14,0.00015951873268753617
2021-10-15,5.933961880234412e-05
2021-10-18,0.00010076136075745358
2021-10-19,7.795334016674102e-05
2021-10-20,0.00019258536924954964
2021-10-21,0.00019834516843772058
2021-10-22,3.78796688441502e-05
2021-10-25,6.933009595141512e-05
2021-10-26,2.6931153316550123e-05
2021-10-27,0.0005055664914809411
2021-10-28,0.00033718277608181817
2021-10-29,2.0785229783670903e-05
2021-11-01,0.0001644862855329063
2021-11-02,4.188330751636704e-05
2021-11-03,0.00013758154299123909
2021-11-04,0.00014555729420621274
2021-11-05,8.238583891692001e-05
2021-11-08,3.9945759481030195e-05
2021-11-09,8.364527070096302e-05
2021-11-10,8.428584420314292e-05
2021-11-11,0.0006115867940849609
2021-11-12,8.726038347389388e-05
2021-11-15,0.00024445587904684847
2021-11-16,0.0001732322247366446
2021-11-17,6.272011443218502e-05
2021-11-18,0.00041094433839054595
2021-11-19,0.0004717459214291031
2021-11-22,0.00010631056828025017
2021-11-23,0.0006271820030188105
2021-11-24,0.00012738013724440932
2021-11-25,0.00011035934136049534
2021-11-26,0.00028177045380426455
2021-11-29,0.0002036585755652614
2021-11-30,0.00016862614575700952
2021-12-01,0.0002889081002731475
2021-12-02,7.559866552153353e-05
2021-12-03,0.00024320636952860513
2021-12-06,0.0009236489476483326
2021-12-07,9.05773253509643e-05
2021-12-08,7.995083447140074e-05
2021-12-09,4.4804691992787616e-05
2021-12-10,7.347242000977105e-05
2021-12-13,1.6680715945129654e-05
2021-12-14,0.00012354233919686374
2021-12-15,7.877361748820731e-05
2021-12-16,0.00011337365180760236
2021-12-17,7.178355772546562e-05
2021-12-20,8.908942383347027e-05
2021-12-21,1.6391459636176253e-05
2021-12-22,0.0002580100977688814
2021-12-23,0.0003241341663478941
2021-12-24,8.908942383347027e-05
2021-12-27,0.00011637449223685888
2021-12-28,0.0001456202975983339
2021-12-29,7.072700689787034e-05
2021-12-30,3.969376421442133e-05
2021-12-31,0.0001257846201612688
2022-01-04,0.0003519573326775729
2022-01-05,9.164343916696244e-05
2022-01-06,9.94670486209908e-05
2022-01-07,7.865772713133224e-05
2022-01-10,0.0001244620589366016
2022-01-11,0.00015787652517116815
2022-01-12,0.0007306109581347895
2022-01-13,0.0004069897069128838
2022-01-14,6.406207125576446e-05
2022-01-17,0.0003128826590540337
2022-01-18,0.00024678382219255393
2022-01-19,0.00032958099852585976
2022-01-20,7.286396169788373e-05
2022-01-21,0.00014961722271129938
2022-01-24,0.00022755083566230224
2022-01-25,0.0002506066098744672
2022-01-26,0.0001768504608541238
2022-01-27,0.00020231090011791887
2022-01-28,0.00016518211357252835
2022-02-07,0.0001458456439659917
2022-02-08,0.00016666404149770327
2022-02-09,4.438654983797973e-05
2022-02-10,0.00014265037237410177
2022-02-11,1.9548154100018434e-05
2022-02-14,0.00018124450129887717
2022-02-15,0.0001169886925800055
2022-02-16,0.00013778857820331372
2022-02-17,0.0001371872659347225
2022-02-18,7.286396169788373e-05
2022-02-21,0.0001172443550271486
2022-02-22,0.0009035800597476546
2022-02-23,0.0002563558573345567
2022-02-24,9.380323979107795e-05
2022-02-25,0.0002743623275191998
2022-02-28,0.00012195285591742022
2022-03-01,7.122292637551215e-05
2022-03-02,6.478521902990741e-05
2022-03-03,0.00016738291837764782
2022-03-04,7.807493837054876e-05
2022-03-07,1.9839192281085525e-05
2022-03-08,8.922821972648711e-05
2022-03-09,5.1973361805079696e-05
2022-03-10,3.935015352361735e-05
2022-03-11,3.9708392263904945e-05
2022-03-14,0.0002260881147102813
2022-03-15,0.00012151311250620714
2022-03-16,8.364527070096302e-05
2022-03-17,3.0348013007664683e-05
2022-03-18,2.0818141550728224e-05
2022-03-21,0.00023612043198517152
2022-03-22,0.00011337365180760236
2022-03-23,6.421021740566747e-05
2022-03-24,7.995083447140074e-05
2022-03-25,0.0008601402799223173
2022-03-28,0.0004863237594455467
2022-03-29,0.0004710974489954027
2022-03-30,0.0008090626275440864
2022-03-31,0.0006146832704880614
2022-04-01,0.0012429081720599317
2022-04-04,0.00020060004481441072
2022-04-05,0.0001945322203201791
2022-04-06,0.0010738944628193275
2022-04-07,0.0006204709987639259
2022-04-08,0.000389055992572838
2022-04-12,0.0007242296944253329
2022-04-13,0.0006457217879999568
2022-04-14,0.0008678123598264376
2022-04-15,0.00031253447376569014
2022-04-18,0.00011843634039328133
2022-04-19,0.0005354287550009097
2022-04-20,0.0004630770124789824
2022-04-21,0.00021546974450435552
2022-04-22,0.0022438010122498315
2022-04-25,0.0017296823494669022
2022-04-26,0.0024283166675383274
2022-04-27,0.00034770550994066925
2022-04-28,0.0002945509534236469
2022-04-29,0.0003815861446598711
2022-05-04,0.00014356037574477803
2022-05-05,0.00048214148309534325
2022-05-06,0.000128551737941485
2022-05-09,0.001142322773050562
2022-05-10,0.000977462169463112
2022-05-11,0.00026962757140123567
2022-05-12,0.0005817025372100835
2022-05-13,0.0021311509245903414
2022-05-16,0.0028685254343925933
2022-05-17,0.0020695183325730782
2022-05-18,0.0003171870021911209
2022-05-19,0.0003681669542222639
2022-05-20,0.00029095876870257475
2022-05-23,0.000511143668409263
2022-05-24,0.00021396984155468986
2022-05-25,0.0010703188935014254
2022-05-26,0.0003838320840673588
2022-05-27,0.00104822391124884
2022-05-30,0.0002857395165932068
2022-05-31,8.428989622411137e-05
2022-06-01,0.00015470324090375936
2022-06-02,0.0004096522067169563
2022-06-03,0.0006866260840290919
2022-06-06,9.305468459901579e-05
2022-06-07,0.0003923454299014075
2022-06-08,0.0003016203061523067
2022-06-09,0.00021238728911874476
2022-06-10,0.0003904163859519004
2022-06-13,0.000980831013960197
2022-06-14,0.0007181095267754225
2022-06-15,0.00023158169284874256
2022-06-16,0.00011595900097537788
2022-06-17,0.0004376614538573638
2022-06-20,0.0012145919375372387
2022-06-21,0.0015435825881447113
2022-06-22,0.0028218404262244237
2022-06-23,0.0009599069204345024
2022-06-24,0.00030177174456663176
2022-06-27,0.0001358790942412713
2022-06-28,0.00025138252520219426
2022-06-29,0.0005766570496855959
2022-06-30,0.00025001742954262055
2022-07-01,0.0005729100018513405
2022-07-04,0.0009457818033580201
2022-07-05,0.0011991265817263741
2022-07-06,0.0004503492803999333
2022-07-07,0.00010593686840819964
2022-07-08,0.000369771822259064
2022-07-11,7.003431344268438e-05
2022-07-12,5.4947339133652226e-05
2022-07-13,0.00048094324999594333
2022-07-14,0.0002624140842866643
2022-07-15,0.00026593881825324566
2022-07-18,0.0006913174206297914
2022-07-19,0.00028730830784243975
2022-07-20,0.0022652947401502702
2022-07-21,0.0009905446353731314
2022-07-22,0.0005690711525128991
2022-07-25,0.000838274194000766
2022-07-26,0.00010760578652965225
2022-07-27,0.0008013665418342805
2022-07-28,9.25806079864488e-05
2022-07-29,0.00018675116943116411
2022-08-01,0.00035037072092286326
2022-08-02,0.00013731505391985333
2022-08-03,7.630414875677741e-05
2022-08-04,7.435229779667089e-05
2022-08-05,7.318815333464562e-05
2022-08-08,3.2995808263955424e-05
2022-08-09,4.4426850681999694e-05
2022-08-10,0.00015061867525396005
2022-08-11,0.00025759752819575616
2022-08-12,0.00020676970763398872
2022-08-15,0.0003531876462625906
2022-08-16,0.0003287136899716485
2022-08-17,0.0001622878740648085
2022-08-18,0.0003094684876865174
2022-08-19,0.0004589585117257976
2022-08-22,0.0004834981671360447
2022-08-23,0.0002912024007999199
2022-08-24,6.52871320409881e-05
2022-08-25,0.0001537616018146803
2022-08-26,0.001388518810223631
2022-08-29,0.0007520613927434823
2022-08-30,0.0002896771404021981
2022-08-31,0.00015269460349199098
2022-09-05,0.00013267955922060442
2022-09-06,5.481031257902201e-05
2022-09-07,0.0003392616771984514
2022-09-08,0.00023092142219923055
2022-09-09,0.000180108125798799
2022-09-12,0.0007238971586687106
2022-09-13,7.918525101333023e-05
2022-09-14,0.00011372376955534624
2022-09-15,0.00012948260889837065
2022-09-16,0.00035993926184945833
2022-09-19,0.0009790037492130462
2022-09-20,0.0005663932627324103
2022-09-21,7.276035331787682e-05
2022-09-22,0.00046927099048742123
2022-09-23,0.00017036267425487786
2022-09-26,0.0005454325320612054
2022-09-27,0.00011385707906346232
2022-09-28,0.0003287136899716485
2022-09-29,0.0006662082614576792
2022-09-30,0.000568178053760868
2022-10-03,0.001042997579950775
2022-10-04,0.00014037961454995868
2022-10-05,0.00041549404628383926
2022-10-06,0.0018398410073820976
2022-10-07,0.0017557061119855013
2022-10-10,0.0021995754531568203
2022-10-11,0.0014168485131100103
2022-10-12,0.001205769449667004
2022-10-13,0.0003181998623043666
2022-10-14,0.0005415267572017551
2022-10-17,0.0003416403175791695
2022-10-18,0.00036696340425861984
2022-10-19,0.00014907228468986444
2022-10-20,0.00012641887410748607
2022-10-21,0.0017306896154942995
2022-10-24,0.0025046377015880395
2022-10-25,0.0033998534192753167
2022-10-26,0.0004897240031726427
2022-10-27,0.0008755159416158323
2022-10-28,0.00032143224188558857
2022-10-31,0.0015977161748692268
2022-11-01,0.0007931588159706908
2022-11-02,0.0018752011517475776
2022-11-03,0.0007204753600838109
2022-11-04,0.0006209986665917966
2022-11-07,0.002468311506418585
2022-11-08,0.0035289960795113974
2022-11-09,0.0006286271966722782
2022-11-10,0.0012715822526100592
2022-11-11,0.000366823008590119
2022-11-14,0.0011463709774761515
2022-11-15,0.0006498119852592817
2022-11-16,0.0068094526192400105
2022-11-17,0.0009136728682839721
2022-11-18,0.0011848792860521486
2022-11-21,0.0003577588026483508
2022-11-22,0.0006699660781593152
2022-11-23,0.00013892377104758106
2022-11-24,0.0005467947292334625
2022-11-25,0.0008322300077450913
2022-11-28,0.0010334190363412883
2022-11-29,0.0011024681338908467
2022-11-30,0.0007396884024775274
2022-12-01,0.0015015832438660783
2022-12-02,0.0022939020964036112
2022-12-05,0.0005062245368703403
2022-12-06,0.001398369377281954
2022-12-07,0.0004127886349389181
2022-12-08,0.0005476278149606275
2022-12-09,0.00026627832179057444
2022-12-12,0.0008978261094548412
2022-12-13,0.0007020182900073548
2022-12-14,0.00037296546017844164
2022-12-15,0.00029628837954490903
2022-12-16,0.0006915062931430675
2022-12-19,0.00042223548662550814
2022-12-20,0.0012160776363795815
2022-12-21,0.0010061409822959475
2022-12-22,0.0003360233303086574
2022-12-23,0.00015354867458886991
2022-12-26,0.0018335638063628136
2022-12-27,0.0010512831466036698
2022-12-28,0.00033706006697835627
2022-12-29,0.00012946965815146264
2022-12-30,0.0001838350520915182
2023-01-03,0.00043212846899119185
2023-01-04,0.0002708871164240854
2023-01-05,9.055442056409843e-05
2023-01-06,9.392088125301812e-05
2023-01-09,0.0003354303264867793
2023-01-10,9.955632643764788e-05
2023-01-11,0.00015917309635011577
2023-01-12,0.0001838350520915182
2023-01-13,7.459957657216021e-05
2023-01-16,7.328411744049315e-05
2023-01-17,0.00028237653007115026
2023-01-18,0.0007020672930454251
2023-01-19,0.0003196813059701648
2023-01-27,0.0001680076134109529
2023-01-30,0.0003345199760062045
2023-01-31,0.00022859759460501646
2023-02-01,0.00035455333839463547
2023-02-02,0.0020253173843909865
2023-02-03,0.00010066446896228106
2023-02-06,0.0003746253981840831
2023-02-07,0.0008711127899911124
2023-02-08,0.0003947187347550572
2023-02-09,0.00038207823898402744
2023-02-10,0.00106747050452779
2023-02-13,0.00020503618953094898
2023-02-14,7.337823131310669e-05
2023-02-15,0.00019559736104438129
2023-02-16,9.545506237203248e-05
2023-02-17,4.00987817491658e-05
2023-02-20,0.00045665424482025616
2023-02-21,0.0001286436727771734
2023-02-22,0.0004221928750000337
2023-02-23,0.00020018474242780178
2023-02-24,0.000369077306817055
2023-02-27,0.00041890251835071686
2023-02-28,0.00040174251560141054
2023-03-01,0.000690115514097164
2023-03-02,0.00022047276394080185
2023-03-03,0.00032326001070515575
2023-03-06,0.0002706192308806185
2023-03-07,0.00022950832442964687
2023-03-08,0.00019032067244423612
2023-03-09,0.00022550270588054297
2023-03-10,0.00011246254444410581
2023-03-13,8.202919260233878e-05
2023-03-14,0.00040231179072941416
2023-03-15,0.00011246254444410581
2023-03-16,0.0003331601610730459
2023-03-17,0.0002579914343189959
2023-03-20,0.0004398813096480384
2023-03-21,0.00041925267811105017
2023-03-22,0.00012117384011242512
2023-03-23,4.9935056725527706e-05
2023-03-24,9.314299491403344e-05
2023-03-27,8.882279497744432e-05
2023-03-28,0.0003453575462532981
2023-03-29,0.00010016529242436787
2023-03-30,0.0002621551719447762
2023-03-31,0.00011930135723483683
2023-04-03,5.837610671635145e-05
2023-04-04,0.00018646058247455524
2023-04-05,2.8231716126383648e-05
2023-04-06,0.00020823861131733293
2023-04-07,7.17982583191721e-05
2023-04-10,0.0008510887797349028
2023-04-11,0.00014186796219852897
2023-04-12,0.00031149805649965186
2023-04-13,9.08536264145998e-05
2023-04-14,0.00042916562814426204
2023-04-17,4.70361018414215e-05
2023-04-18,0.0001436154730879255
2023-04-19,0.00036929916291946765
2023-04-20,8.001929098680465e-05
2023-04-21,0.000277108979510873
2023-04-24,0.00026602172707781274
2023-04-25,0.00041925267811105017
2023-04-26,0.00014166656035609668
2023-04-27,6.00514079220615e-05
2023-04-28,8.546059202992768e-05
2023-05-04,0.000245322917650711
2023-05-05,5.187222620680932e-05
2023-05-08,4.91518619737451e-05
2023-05-09,6.099878343750076e-05
2023-05-10,0.00029771854718428046
2023-05-11,0.00015415622933849946
2023-05-12,0.00019471726415753912
2023-05-15,7.322145283134647e-05
2023-05-16,0.00013389372217705858
2023-05-17,0.00012117384011242512
2023-05-18,8.768034520849756e-05
2023-05-19,6.116438810550155e-05
2023-05-22,8.791653071058562e-05
2023-05-23,8.721082059694821e-05
2023-05-24,7.691015529587733e-05
2023-05-25,8.90636148496833e-05
2023-05-26,4.006184851350363e-05
2023-05-29,7.311585235394137e-05
2023-05-30,0.00021497483782812165
2023-05-31,6.005140792206353e-05
2023-06-01,0.00014908042860739892
2023-06-02,0.0006144495216980402
2023-06-05,0.00013777421533583075
2023-06-06,0.00020519483402374393
2023-06-07,0.00016889889753860565
2023-06-08,0.0004168107432511577
2023-06-09,0.00017749703846057632
2023-06-12,0.00045901711780584346
2023-06-13,0.00012324986563004613
2023-06-14,0.0001838350520915182
2023-06-15,0.00018512342388737196
2023-06-16,0.00027695777009149815
2023-06-19,7.806155446431884e-05
2023-06-20,0.00016453209592554827
2023-06-21,4.914741424355572e-05
2023-06-22,0.00032483699409566717
2023-06-23,5.002944616056866e-05
2023-06-26,0.0006862286479037559
2023-06-27,0.0002454006786678283
2023-06-28,0.0002930126692748397
2023-06-29,0.00028066108256322815
2023-06-30,0.00038095869321906384
2023-07-03,0.00013834519951947018
2023-07-04,0.00019025787036416634
2023-07-05,0.00022837012393044038
2023-07-06,0.00015517572970846847
2023-07-07,0.0011111669758586383
2023-07-10,0.0006275959389182875
2023-07-11,0.00032600447712789326
2023-07-12,0.00018517200551712682
2023-07-13,8.351164924265825e-05
2023-07-14,0.0001356525820534167
2023-07-17,0.00021323303310193703
2023-07-18,0.00011134968598292118
2023-07-19,0.00015406191403807162
2023-07-20,0.00018023509035526933
2023-07-21,0.0017689519323725244
2023-07-24,0.0008006466362056565
2023-07-25,0.00032019756302993424
2023-07-26,0.0006187004311516997
2023-07-27,0.0006709486821682246
2023-07-28,0.00035575236570344374
2023-07-31,0.0003260035852360278
2023-08-01,0.0007444417937224196
2023-08-02,0.00010776936535751188
2023-08-03,0.0006914751821481818
2023-08-04,0.00010494696831118
2023-08-07,0.00031358201742237015
2023-08-08,0.00010068701398268425
2023-08-09,0.00025482012881308276
2023-08-10,0.00022197877042948953
2023-08-11,0.0007020935202275581
2023-08-14,0.00036815719020749025
2023-08-15,0.00043214732794478295
2023-08-16,0.00021466213123278913
2023-08-17,0.0003961564932246086
2023-08-18,0.001815399817599355
2023-08-21,0.0004478025496430428
2023-08-22,0.0012343627988543715
2023-08-23,0.0003265853654442933
2023-08-24,0.0001709848916967305
2023-08-25,0.00027536599404891167
2023-08-28,0.0003114852817710859
2023-08-29,0.0003791987501494093
2023-08-30,0.0003182571550106244
2023-08-31,0.00010034377963530053
2023-09-05,0.0005345751475834433
2023-09-06,0.0003904007672359216
2023-09-07,0.0002652548830916552
2023-09-08,0.00047037193623065325
2023-09-11,0.0006827790443366509
2023-09-12,0.0003876420351994903
2023-09-13,0.0015847967681233
2023-09-14,0.00021189322092045638
2023-09-15,0.0005022434475107729
2023-09-18,0.00027086012434487613
2023-09-19,0.0007693934174932765
2023-09-20,0.0002990513419970737
2023-09-21,0.0003034041675553851
2023-09-22,0.0005840180366855871
2023-09-25,0.00130878241214536
2023-09-26,0.0001977062238618359
2023-09-27,0.00044733939724130554
2023-09-28,0.0006067871167574121
2023-09-29,0.0001855274358159303
2023-10-02,0.00018802734322080207
2023-10-03,0.0014844734377972976
2023-10-04,0.0006035512927123449
2023-10-05,0.0012872530499760668
2023-10-06,0.0007761649786561682
2023-10-09,0.0002408876579435632
2023-10-10,0.0001639018663739202
2023-10-11,7.49221429695656e-05
2023-10-12,0.0002549011244191437
2023-10-13,0.0001668176961466398
2023-10-16,0.0006492648884907175
2023-10-17,0.0010743806715783012
2023-10-18,0.0019763473342150045
2023-10-19,0.0005470744619919638
2023-10-20,0.0007485730861293308
2023-10-23,0.0009551601047266495
2023-10-24,0.0006785893362051479
2023-10-25,0.00027624829552868674
2023-10-26,0.0007594957523165715
2023-10-27,0.00024992469984097125
2023-10-30,0.000331907206611342
2023-10-31,0.002122906585067683
2023-11-01,0.0018375986236130863
2023-11-02,0.004148326684216286
2023-11-03,0.001201241264860087
2023-11-06,0.00048265069191828243
2023-11-07,0.0009198942324669309
2023-11-08,0.002091801086580265
2023-11-09,0.00046083619601145176
2023-11-10,0.0003869866958827567
2023-11-13,0.0003566500823008092
2023-11-14,0.00035410551851221034
2023-11-15,0.0002739383120861143
2023-11-16,0.00017241804782516375
2023-11-17,0.0007147819462911923
2023-11-20,0.0004806143370194144
2023-11-21,0.0001732780557379142
2023-11-22,0.0005354446109770933
2023-11-23,0.0021526455758432168
2023-11-24,0.0004941961356753403
2023-11-27,7.507191230718138e-05
2023-11-28,0.00016099510699045237
2023-11-29,0.0004041047621114577
2023-11-30,8.720210259122829e-05
2023-12-01,0.0002197951125946691
2023-12-04,0.0006226381970057616
2023-12-05,3.602177981587588e-05
2023-12-06,0.0002681675282882857
2023-12-07,0.0005724079470231694
2023-12-08,0.0014001303246597735
2023-12-11,0.00011244414356259119
2023-12-12,5.0489551026533434e-05
2023-12-13,0.0008323770965388624
2023-12-14,0.00016673618616886966
2023-12-15,0.00026100170039294006
2023-12-18,0.0004700205484398341
2023-12-19,0.0006479680698784215
2023-12-20,0.0007594957523165715
2023-12-21,0.00014536301145461387
2023-12-22,8.354426425008905e-05
2023-12-25,0.00035496225921036087
2023-12-26,0.00012553609376038087
2023-12-27,4.9433565470160455e-05
2023-12-28,3.943450123204154e-05
2023-12-29,8.363200316407632e-05
2024-01-02,0.00026380532734429716
2024-01-03,0.00041076590616053387
2024-01-04,0.00012495128590588023
2024-01-05,0.0002319494386838235
2024-01-08,0.00022978601782318078
2024-01-09,0.00012523636040937875
2024-01-10,0.00020143691085342078
2024-01-11,0.00017910823435930055
2024-01-12,0.00012884295352117835
2024-01-15,0.00021865193716697135
2024-01-16,0.0004828655806977962
2024-01-17,0.00030100120799903603
2024-01-18,0.0002744450520058069
2024-01-19,0.00033457028975991367
2024-01-22,0.00022625198977793256
2024-01-23,0.000139795406121855
2024-01-24,0.00021821217350564024
2024-01-25,0.0002206174945330976
2024-01-26,9.867651632653078e-05
2024-01-29,7.686857514405441e-05
2024-01-30,0.0001612514439545993
2024-01-31,0.00027382552894399294
2024-02-01,0.0004944230758266933
2024-02-02,0.000278272573419194
2024-02-05,0.00010298946947301501
2024-02-06,8.075036767755477e-05
2024-02-07,6.005140792206353e-05
2024-02-15,0.00022341324110137728
2024-02-16,0.00011025601292741097
2024-02-19,0.00018008165211684396
2024-02-20,0.00015098973448749865
2024-02-21,8.116657563600519e-05
2024-02-22,0.00020626924182357234
2024-02-23,0.00046425132176872895
2024-02-26,0.0003968993868844171
2024-02-27,0.0001172591198524976
2024-02-28,0.00021038697130506737
2024-02-29,0.00016747862890359016
2024-03-01,0.00023668822754383984
2024-03-04,0.0002939583154261672
2024-03-05,0.0009449554144640574
2024-03-06,0.0005901166188347477
2024-03-07,0.00020323901509191537
2024-03-08,0.0007881877327199854
2024-03-11,0.0006818702863200638
2024-03-12,0.000559896224768122
2024-03-13,0.0005722970624104502
2024-03-14,0.0005652531281134923
2024-03-15,0.00021300015601124803
2024-03-18,0.0008717617389377433
2024-03-19,0.0001901129955036608
2024-03-20,0.001508816361863509
2024-03-21,0.00013882254505230546
2024-03-22,0.0002985008738342272
2024-03-25,0.0005901166188347477
2024-03-26,0.0001847023335672077
2024-03-27,0.001175940543663151
2024-03-28,0.00044395685994920897
2024-03-29,0.00019874704324226392
2024-04-01,0.00048385405519973983
2024-04-02,0.00038389122343505315
2024-04-03,0.00023806781596752538
2024-04-04,0.00042324720869593696
2024-04-05,0.0005981201077628025
2024-04-08,0.00020319887874980619
2024-04-09,0.0014778880847002253
2024-04-10,0.0002962501639932976
2024-04-11,0.0003438076445038741
2024-04-12,0.0001307105480576629
2024-04-15,0.0008791177848337361
2024-04-16,0.0002497511451339458
2024-04-17,0.00030820385373870896
2024-04-19,0.00024080636180771103
2024-04-22,0.00023596348612598542
2024-04-23,0.00039941554296174167
2024-04-24,0.0008329773470364733
2024-04-25,0.0007528613461159794
2024-04-26,0.0004969286934376576
2024-05-02,0.0005099566438898785
2024-05-03,0.0005540026873148747
2024-05-06,0.0009931440246675586
2024-05-07,0.00041903283424334623
2024-05-08,0.0001274255120260255
2024-05-09,6.634838146011723e-05
2024-05-10,0.0002709494882453827
2024-05-13,8.54894667338925e-05
2024-05-14,0.0009210799208848326
2024-05-15,0.00042529101612522193
2024-05-16,0.00019399348813274052
2024-05-17,0.0001709613323871709
2024-05-20,0.0004365156100454288
2024-05-21,0.00016535834020767968
2024-05-22,0.0003944900009259742
2024-05-23,0.00038934833729248374
2024-05-24,0.0007789502534312987
2024-05-27,0.0001697949693094147
2024-05-28,0.0006961665514021128
2024-05-29,0.00021720342060775705
2024-05-30,0.001256277100153035
2024-05-31,0.00035678118513484997
2024-06-03,7.208014402516235e-05
2024-06-04,0.00010856882433805842
2024-06-05,0.0002664318460662477
2024-06-06,7.583345368506053e-05
2024-06-07,9.33088997174328e-05
2024-06-10,0.00015494816769108465
2024-06-11,0.0002371940904930313
2024-06-12,0.00032572838253232234
2024-06-13,0.00014967482808953014
2024-06-14,0.00012981469113925007
2024-06-17,0.00030487108092117017
2024-06-18,0.00018529858543796376
2024-06-19,0.0004037724251628439
2024-06-20,8.939290488902482e-05
2024-06-21,0.00047273995292853346
2024-06-24,0.0003671298524739332
2024-06-25,0.00011176651016156555
2024-06-26,0.0003367120962174293
2024-06-27,0.00023269701783439403
2024-06-28,0.00020631692145541534
2024-07-01,0.0012788556270421322
2024-07-02,0.0001424038148794255
2024-07-03,0.00014065159445757284
2024-07-04,0.00016424795085208168
2024-07-05,5.414980482783148e-05
2024-07-08,0.00026296757940400396
2024-07-09,6.597661266613457e-05
2024-07-10,0.00021273712986647064
2024-07-11,0.00010389153593260835
2024-07-12,0.00014504872202160098
2024-07-15,7.05531848293575e-05
2024-07-16,0.0001234622846240057
2024-07-17,0.0005580101631062445
2024-07-18,0.0002248037977010833
2024-07-19,0.00021597848537827688
2024-07-22,0.00022205838382701696
2024-07-23,0.000806698363297614
2024-07-24,0.0011460497036457683
2024-07-25,0.00016698599935788453
2024-07-26,3.5068324604902437e-05
2024-07-29,0.00015949970790257351
2024-07-30,0.0001554385154531257
2024-07-31,8.702882288487699e-05
2024-08-01,0.0004830741409358337
2024-08-02,0.00045765138112962526
2024-08-05,0.00038727321006313815
2024-08-06,0.0002774151942981575
2024-08-07,9.272964927877168e-05
2024-08-08,9.342037969238716e-05
2024-08-09,0.0009588671211609429
2024-08-12,0.00011792559847544686
2024-08-13,0.00023795375642614498
2024-08-14,0.00011720606394040641
2024-08-15,0.00010169458516151686
2024-08-16,0.001021101259068649
2024-08-19,9.053023308785479e-05
2024-08-20,0.00010886920610670243
2024-08-21,0.0001257239738722825
2024-08-22,8.924263193453175e-05
2024-08-23,5.907721473449937e-05
2024-08-26,0.00010487873023817274
2024-08-27,0.00030431857718570584
2024-08-28,7.596970076986456e-05
2024-08-29,4.7428568407086394e-05
2024-08-30,9.19580617569994e-05
2024-09-04,0.00017101639933222502
2024-09-05,0.0001305535606817598
2024-09-06,0.00011377376949201936
2024-09-09,4.941328112346651e-05
2024-09-10,0.00011144680779229829
2024-09-11,5.083327292782748e-05
2024-09-12,4.941328112346651e-05
2024-09-13,7.940301440785265e-05
2024-09-16,8.226020768995398e-05
2024-09-17,0.00013897413389409746
2024-09-18,0.00025658640322388223
2024-09-19,4.9943706144425315e-05
2024-09-20,3.782881737927936e-05
2024-09-23,0.00011377376949201936
2024-09-24,0.0001309425414297874
2024-09-25,3.782881737927936e-05
2024-09-26,0.00010886920610670243
2024-09-27,0.00025658640322388223
2024-09-30,0.00011343203749324938
2024-10-01,6.17049933141778e-05
2024-10-02,6.461443443406162e-05
2024-10-03,0.00020626219437663534
2024-10-04,2.9215464162826407e-05
2024-10-07,0.00011885588203061444
2024-10-08,0.0002387290528233859
2024-10-09,0.0002492134246336788
2024-10-10,0.00014504872202160098
2024-10-11,0.00028039812299842813
2024-10-14,0.00017094858999737908
2024-10-15,0.00010486413649730707
2024-10-16,0.00016728665049563598
2024-10-17,3.1143091773255536e-05
2024-10-18,6.821789907124397e-05
2024-10-21,0.00010106333440177177
2024-10-22,0.00013897413389409746
2024-10-23,0.0001197167155035268
2024-10-24,0.00010106333440177177
2024-10-25,8.308484232099227e-05
2024-10-28,4.150127774681267e-05
2024-10-29,0.00010138197687961756
2024-10-30,5.300911689373486e-05
2024-10-31,6.738232525673729e-05
2024-11-01,2.9840336387518273e-05
2024-11-04,0.00012120927919679447
2024-11-05,5.4487325900972044e-05
2024-11-06,4.137253933290866e-05
2024-11-07,8.53036416509332e-05
2024-11-08,6.969624390664906e-05
2024-11-11,0.00038889466151235155
2024-11-12,0.0005378730653416231
2024-11-13,0.00038727321006313815
2024-11-14,7.861253601626342e-05
2024-11-15,0.00016642597680871583
2024-11-18,0.0008264158488511742
2024-11-19,0.0002396402107336892
2024-11-20,0.0004888098282334706
2024-11-21,0.0006210749414084721
2024-11-22,0.00010485209640346445
2024-11-25,5.084478890715591e-05
2024-11-26,0.0001243490046792405
2024-11-27,0.0001950160742801035
2024-11-28,8.125960775401461e-05
2024-11-29,0.00026000875111769207
2024-12-02,6.370167490559568e-05
2024-12-03,4.9172368013918184e-05
2024-12-04,0.0003351965078622657
2024-12-05,0.0009772346004056998
2024-12-06,0.00018873130570065672
2024-12-09,6.183615906006885e-05
2024-12-10,4.772401573483379e-05
2024-12-11,8.071417670093665e-05
2024-12-12,3.564982948675261e-05
2024-12-13,0.0002867106838377772
2024-12-16,0.00013978904508598865
2024-12-17,6.148733300202854e-05
2024-12-18,3.564982948675261e-05
2024-12-19,2.5042819588271235e-05
2024-12-20,0.00014503382730094236
2024-12-23,3.495139915157371e-05
2024-12-24,3.471929580135303e-05
2024-12-25,9.523859369417059e-05
2024-12-26,0.00034377944268355854
2024-12-27,0.0001412479605126452
2024-12-30,4.772401573483379e-05
2024-12-31,2.414768188824392e-05
2025-01-02,7.96662621209537e-05
2025-01-03,0.00044700916981885646
2025-01-06,0.0005657071328789538
2025-01-07,0.00021679723046859185
2025-01-08,0.0002786785298687052
2025-01-09,2.782132259445767e-05
2025-01-10,0.0001336055644284734
2025-01-13,0.00015850679122453935
2025-01-14,8.830941141147932e-05
2025-01-15,0.00013407865901265728
2025-01-16,0.00011001976525659748
2025-01-17,3.907420139391764e-05
2025-01-20,3.8936698537761754e-05
2025-01-21,0.00010707029784318703
2025-01-22,4.013339755252397e-05
2025-01-23,0.0005124706049613292
2025-01-24,0.00023079377867007742
2025-02-03,0.00012416287992179218
2025-02-04,8.318440492094331e-05
2025-02-05,4.99980909715941e-05
2025-02-06,8.215051594876232e-05
2025-02-07,0.00015153624236969595
2025-02-10,8.785805906160593e-05
2025-02-11,0.00011010775700578436
2025-02-12,9.095761571957212e-05
2025-02-13,0.0001684100504275611
2025-02-14,0.0002695519463790167
2025-02-17,0.00014764631327352415
2025-02-18,0.0001746216194424904
2025-02-19,0.00033914118347977515
2025-02-20,0.00011286773769413538
2025-02-21,0.0003136466272143518
2025-02-24,0.0001541493040389195
2025-02-25,0.00010852127182844882
2025-02-26,0.00017800151576228122
2025-02-27,3.904136384411694e-05
2025-02-28,8.663830359738013e-05
2025-03-03,0.00017800151576228122
2025-03-04,0.00023237988335152128
2025-03-05,8.233922299976339e-05
2025-03-06,0.0005183632141703921
2025-03-07,4.649134646007918e-05
2025-03-10,7.684336317154153e-05
2025-03-11,0.00029962103163320904
2025-03-12,0.00011306351052811674
2025-03-13,0.00024105181419333904
2025-03-14,0.00011564125661610293
2025-03-17,3.393603868005151e-05
2025-03-18,0.00011280513164281122
2025-03-19,0.0005753848632141622
2025-03-20,0.00010275322924818891
2025-03-21,8.024019428558192e-05
2025-03-24,6.293273102014626e-05
2025-03-25,0.00019247791716150986
2025-03-26,4.772401573483379e-05
2025-03-27,6.348788683994674e-05
2025-03-28,0.0003288917154527657
2025-03-31,0.00012820714008113511
2025-04-01,0.00015206409599600098
2025-04-02,0.00029890066360433284
2025-04-03,0.00030085391436977663
2025-04-04,0.0008929642962200215
2025-04-08,0.00010656383152722425
2025-04-09,0.0019052980619147651
2025-04-10,0.0
2025-04-11,0.0007143545658654086
2025-04-14,0.000622117467263598
2025-04-15,0.0007075524113159324
2025-04-16,0.0004956625569027539
2025-04-17,0.0001636409049262734
2025-04-18,0.0002183462100451544
2025-04-21,0.0001973166747360913
2025-04-22,0.0034042870923198547
2025-04-23,0.00012776475376531977
2025-04-24,0.00023237988335152128
2025-04-25,0.00012045123835520797
2025-04-28,0.0005641095073193495
2025-04-29,3.495139915157371e-05
2025-05-05,0.00019183508915769388
2025-05-06,0.00011768702094357682
2025-05-07,0.00019767182431709756
2025-05-08,0.00019902008983326897
2025-05-09,7.839574054601172e-05
2025-05-12,6.327517321708716e-05
2025-05-13,0.0006807974342959131
2025-05-14,4.320361639374088e-05
2025-05-15,0.0002247639806603419
2025-05-16,8.702882288487699e-05
2025-05-19,0.00015197879838534215
2025-05-20,0.0003144657250718786
2025-05-21,0.00014730175786561886
2025-05-22,0.00012538152066188105
2025-05-23,8.936565197349216e-05
2025-05-26,0.0006042990724661101
2025-05-27,0.00017148926688041608
2025-05-28,0.0001939220555179271
2025-05-29,0.00012617776461379922
2025-05-30,0.0002929994103818186
2025-06-02,0.0003871417943895884
2025-06-03,0.000306952902195676
2025-06-04,0.0002729807686279554
2025-06-05,0.00013851640809832118
2025-06-06,7.940085317672684e-05
2025-06-09,6.370167490559568e-05
2025-06-10,0.0005016363245217884
2025-06-11,4.6186853861297587e-05
2025-06-12,0.0001792202498662002
2025-06-13,0.0002364640273753104
2025-06-16,0.0002602140261218614
2025-06-17,4.2944376492088754e-05
2025-06-18,0.0002492134246336788
2025-06-19,0.0001295341668439673
2025-06-20,6.984095759698758e-05
2025-06-23,0.0002862300862392801
2025-06-24,8.334279945290964e-05
2025-06-25,4.202228742772562e-05
2025-06-26,0.00010326023102103367
2025-06-27,0.00024456453137196223
2025-06-30,6.779818131732582e-05
2025-07-01,0.00019211180464405805
2025-07-02,5.5327712378453035e-05
2025-07-03,0.00030119537073600736
2025-07-04,8.350391289206517e-05
2025-07-07,8.108842873835833e-05
2025-07-08,0.0001369087555676968
2025-07-09,6.500489430782794e-05
2025-07-10,9.57920140674332e-05
2025-07-11,5.0544225258556324e-05
2025-07-14,0.0005307971573711247
2025-07-15,0.0003213395429317374
2025-07-16,0.00016951658374953868
2025-07-17,0.00010487873023817274
2025-07-18,0.0003810413295243191
2025-07-21,0.00023664080093484046
2025-07-22,0.00014549967475124077
2025-07-23,7.171524426160084e-05
2025-07-24,0.00010783996555598462
2025-07-25,0.00026461807260505884
2025-07-28,0.00014305026825760654
2025-07-29,0.0011170290451220216
2025-07-30,0.0002603527681336462
2025-07-31,0.0005514785404128138
2025-08-01,0.00018659710967683217
2025-08-04,0.00026749170475182777
2025-08-05,0.0009629977400815154
2025-08-06,0.0011058689395815056
2025-08-07,9.963745825215544e-05
2025-08-08,0.00037171700077447595
2025-08-11,0.00027299865162250063
2025-08-12,0.00015764670274681975
2025-08-13,0.0004441339302217464
2025-08-14,0.00023184054334959048
2025-08-15,0.0004466383683952844
2025-08-18,0.00023783252675546932
2025-08-19,0.0003030659712484705
2025-08-20,0.0005063419507098931
2025-08-21,0.00041925267811104486
2025-08-22,0.00036146215749794947
2025-08-25,0.00029786250247521115
2025-08-26,0.001785145034539273
2025-08-27,0.0002524536243124097
2025-08-28,0.0004909594001981502
2025-08-29,0.00015413580104694588
2025-09-03,0.00022163681936082942
2025-09-04,0.0008160025752992113
2025-09-05,0.000668732299789683
2025-09-08,0.0004974938895721351
2025-09-09,0.00034060809242029175
2025-09-10,0.0002055692350063446
2025-09-11,0.0017892470651432763
2025-09-12,0.00014946496878413603
2025-09-15,0.00013053286374751182
2025-09-16,0.00035096025798231334
2025-09-17,0.0005478573661220902
2025-09-18,0.00019407744352969346
2025-09-19,0.00013288188129517776
2025-09-22,0.0002199118504837692
2025-09-23,0.00021820694198534037
2025-09-24,0.00026046384165495087
2025-09-25,4.73496409504591e-05
2025-09-26,8.428584420314051e-05
2025-09-29,0.00010214680220418159
2025-09-30,0.00015574148702772524
2025-10-01,7.219607894613951e-05
2025-10-02,0.0001529477769957928
2025-10-03,0.00024719371719593636
2025-10-06,0.00013356468085437648
2025-10-07,0.00023414355781207894
2025-10-08,0.0004430226739742721
2025-10-09,0.00010722105544915683
2025-10-10,0.00010695743820427854
2025-10-13,0.00021458032370103773
2025-10-14,0.0003480808884918256
2025-10-15,0.00014826410162563488
2025-10-16,0.00016602326634886287
2025-10-17,0.00022094988705628069
2025-10-20,0.00337096769969145
2025-10-21,0.00033735468144020287
2025-10-22,0.00043986513373334477
2025-10-23,0.00023770918807342411
2025-10-24,0.00048726536357690466
2025-10-27,0.001147438157346265
2025-10-28,0.000850257984346385
2025-10-29,0.00010091133559089773
2025-10-30,4.145400398030905e-05
2025-10-31,0.00020944036432362812
2025-11-03,0.0002827559984278436
2025-11-04,0.0006862751369943699
2025-11-05,0.00010828533101981861
2025-11-06,0.00027347726721180926
2025-11-07,0.0014830743124584964
2025-11-10,0.0005364206724322345
2025-11-11,0.00015061256819192813
2025-11-12,0.0003887665546282315
2025-11-13,5.635674266396501e-05
2025-11-14,0.00043535936537983757
2025-11-17,7.762221115233373e-05
2025-11-18,8.945096876668572e-05
2025-11-19,0.00013599639042359378
2025-11-20,0.00012203197067788236
2025-11-21,0.0003038313965081271
2025-11-24,8.156195465163642e-05
2025-11-25,9.730136674243088e-05
2025-11-26,0.0001655586028443523
2025-11-27,2.038991229271067e-05
2025-11-28,4.605080728797985e-05
2025-12-01,2.038991229271067e-05
2025-12-02,3.6340020815336035e-05
2025-12-03,0.0014769901626980684
2025-12-04,0.00012660888372576393
2025-12-05,0.00012810463423768308
2025-12-08,0.0001299347871467819
2025-12-09,0.00020693936712623323
2025-12-10,0.00018698492382054926
2025-12-11,8.859031586785972e-05
2025-12-12,0.0008059931936896877
2025-12-15,0.00015022857083636155
2025-12-16,0.001148970112702469
2025-12-17,0.0002602821219741832
2025-12-18,6.643657150615609e-05
2025-12-19,0.00015446434708209163
2025-12-22,0.0002714054415693321
2025-12-23,0.0004638750633111701
2025-12-24,4.710943501327508e-05
2025-12-25,0.0007454504305367651
2025-12-26,0.0009714559748745628
2025-12-29,0.00012227551442636292
2025-12-30,0.00016988050389316043
2025-12-31,2.9808159360254064e-05
2026-01-05,0.0002745071199272475
2026-01-06,0.0002907998654707318
2026-01-07,0.00011631144375353921
2026-01-08,0.0006037753282238002
2026-01-09,0.00017382910308063134
2026-01-12,0.0003030659712484705
2026-01-13,0.0002948044927971273
2026-01-14,0.00023495924014585987
2026-01-15,0.0004154988142942409
2026-01-16,0.0006381166375581267
2026-01-19,0.0001742315175264758
2026-01-20,0.000251238305092775
2026-01-21,0.00011193095875989924
2026-01-22,0.00012543106480193737
2026-01-23,0.000173028445528014
2026-01-26,0.0002001701564664085
2026-01-27,0.00016213497719782163
2026-01-28,0.0001121943392850785
2026-01-29,0.0008332157216625048
2026-01-30,0.0005572376113403613
2026-02-02,0.000490579034846142
2026-02-03,0.0003511415490119627
2026-02-04,7.320659332555938e-05
2026-02-05,0.00011150493925581132
2026-02-06,0.0007094379761460158
2026-02-09,0.00010188284466245712
2026-02-10,0.00016531726135958792
2026-02-11,0.00029707387702647094
2026-02-12,0.0003305319719675193
2026-02-13,0.00012222586499197434
2026-02-23,0.00017009416408017024
2026-02-24,0.00012491665769444153
2026-02-25,0.00018372034457711726
2026-02-26,0.00013396541378923798
2026-02-27,7.009993886969963e-05
2026-03-02,0.00021036106969371418
2026-03-03,0.0008413029785710946
2026-03-04,0.0012113677925782548
2026-03-05,0.0006867255916650377
2026-03-06,0.000500230113416166
2026-03-09,0.0
2026-03-10,0.0011025924168531404
2026-03-11,0.0019242760102225847
2026-03-12,0.0005799586847174705
2026-03-13,0.0003253054667482905
2026-03-16,0.00017681290094644512
2026-03-17,0.0002793447811548546
2026-03-18,0.00018743390593878073
2026-03-19,7.72440144828592e-05
2026-03-20,0.00031747073444325153
2026-03-23,0.0009464416750133535
2026-03-24,0.00020286948088553075
2026-03-25,0.0004305965245423489
2026-03-26,0.00013288188129517776
2026-03-27,0.0007306109581347895
2026-03-30,0.0002748516972212108
2026-03-31,0.0001397016248527109
2026-04-01,0.0002317472655181124
2026-04-02,0.00017856582694685815
2026-04-03,0.0002955682438774429
2026-04-06,0.00016937935931091825
2026-04-07,0.00028918509465800465
2026-04-08,0.0002427549792617869
2026-04-09,9.21095419420609e-05
2026-04-10,7.800319221984619e-05
2026-04-13,0.00012508092313095445
2026-04-14,9.054453699418011e-05
2026-04-15,0.00021991185048376538
2026-04-16,0.0001776861214416709
2026-04-17,0.0009737522367063043
2026-04-20,0.00020800570761230774
2026-04-21,0.0001561919646756154
2026-04-22,0.000126017910172321
2026-04-23,0.0003080465540732183
2026-04-24,0.00014651146761601022
2026-04-28,0.00024278224667321344
2026-04-29,0.00014478972850325448
2026-05-04,0.00020254908856360608
2026-05-05,8.486700381963756e-05
2026-05-06,0.00011062786531177741
2026-05-07,9.404837541924672e-05
2026-05-08,8.387437734855745e-05
2026-05-11,0.00014651146761601022
2026-05-12,0.0001496889521312181
2026-05-13,0.00013243663566072842
2026-05-14,0.00010043078380291737
2026-05-15,0.00035143237259659983
2026-05-18,0.000501032431888744
2026-05-19,0.0001483304361575559
2026-05-20,0.0013048757391159198
2026-05-21,0.0001891700717224133
2026-05-22,0.00020320755794624157
2026-05-25,0.000165976712024062
2026-05-26,7.019571625469199e-05
2026-05-27,0.00014573290544588885
2026-05-28,0.0003907378404623079
2026-05-29,0.00037977422819429445
2026-06-01,0.00040288666985403035
2026-06-02,0.00021158180310557108
2026-06-03,0.0001529477769957928
2026-06-04,0.00013425275681638199
2026-06-05,9.955258428501482e-05
2026-06-08,6.115111492884817e-05
2026-06-09,8.782981867333815e-05
