source,target,corr,raw_p,n_obs,fdr_q,significant_fdr_0.05,same_sector
MBB,TCB,0.7406051520750009,1.1017648941693038e-225,1296,5.817318641213924e-223,True,1
CTG,MBB,0.73686023824695,2.929178499404339e-222,1296,7.733031238427455e-220,True,1
ACB,MBB,0.7165022321672265,1.2731598583914517e-204,1296,2.240761350768955e-202,True,1
VHM,VIC,0.6933573753453319,2.270768736232403e-186,1296,2.997414731826772e-184,True,1
ACB,TCB,0.6901352020623965,5.757097805818003e-184,1296,6.07949528294381e-182,True,1
MBB,TPB,0.6666455679664329,2.36860746328448e-167,1296,2.0843745676903422e-165,True,1
MBB,VIB,0.6663319990280127,3.85489334296576e-167,1296,2.9076909786941734e-165,True,1
BID,CTG,0.6660859576080106,5.646768578697935e-167,1296,3.7268672619406373e-165,True,1
CTG,TCB,0.6590080424621088,2.8444142447591773e-162,1296,1.6687230235920506e-160,True,1
HPG,SSI,0.6583773374433546,7.358766558676745e-162,1296,3.8854287429813216e-160,True,0
GAS,PLX,0.64572274300646,8.774848274409446e-154,1296,4.2119271717165336e-152,True,1
MBB,STB,0.6416920824506761,2.727163557219238e-151,1296,1.1999519651764647e-149,True,1
BID,MBB,0.6415668639352963,3.2549407431250147e-151,1296,1.322006701823083e-149,True,1
ACB,CTG,0.6407355593027648,1.0512540220150799e-150,1296,3.964729454456873e-149,True,1
TPB,VIB,0.6402431000582727,2.1017913862195375e-150,1296,7.398305679492772e-149,True,1
STB,TCB,0.6383345782444374,3.044085571362758e-149,1296,1.0045482385497102e-147,True,1
ACB,TPB,0.6364990482060683,3.91009931173104e-148,1296,1.2144308450552877e-146,True,1
STB,VIB,0.6277915166527651,5.63230375185355e-143,1296,1.6521424338770416e-141,True,1
TCB,TPB,0.6254582382338911,1.2740449864559104e-141,1296,3.5405039623616874e-140,True,1
TCB,VIB,0.624616195843257,3.900998841814652e-141,1296,1.029863694239068e-139,True,1
HDB,MBB,0.6245752061698611,4.1190330105254176e-141,1296,1.0356425855035336e-139,True,1
ACB,VIB,0.6196888815660366,2.5431539332643895e-138,1296,6.103569439834535e-137,True,1
SHB,VIB,0.6169942755978214,8.38028896888462e-137,1296,1.9238228589439475e-135,True,1
CTG,STB,0.6135354165588209,7.082118448277287e-135,1296,1.558066058621003e-133,True,1
CTG,TPB,0.6134903469826787,7.5008978818915e-135,1296,1.5841896326554846e-133,True,1
CTG,VIB,0.6085870680297979,3.677836104778208e-132,1296,7.468836397395746e-131,True,1
LPB,MBB,0.6042105738137051,8.463665645657346e-130,1296,1.655116837372992e-128,True,1
MBB,SSI,0.6040516917690306,1.0294763484457882e-129,1296,1.9412982570692008e-128,True,0
HDB,TCB,0.603662710327646,1.6620959210388046e-129,1296,3.0261608493396166e-128,True,1
ACB,STB,0.6027424305615503,5.148839008985971e-129,1296,9.061956655815309e-128,True,1
MBB,SHB,0.6013131225274335,2.959420317773996e-128,1296,5.040561057369903e-127,True,1
MBB,VPB,0.5967567177153756,7.360388330077443e-126,1296,1.214464074462778e-124,True,1
HDB,STB,0.5888007741520204,9.100211119520011e-122,1296,1.4560337791232017e-120,True,1
BID,VCB,0.5886257407606102,1.1163602771049022e-121,1296,1.7336418420923185e-120,True,1
HDB,TPB,0.5884895375646026,1.3086707874663678e-121,1296,1.9742233593778346e-120,True,1
ACB,HDB,0.5870593784891094,6.912555326573619e-121,1296,1.0138414478974641e-119,True,1
BID,STB,0.5804927615734575,1.2960444967368762e-117,1296,1.837111839039123e-116,True,1
SSI,VIB,0.5804751758827275,1.322163823550884e-117,1296,1.837111839039123e-116,True,0
ACB,LPB,0.5800868855748174,2.0534352570901704e-117,1296,2.780035424983615e-116,True,1
SSI,STB,0.5796899516804657,3.218601550703788e-117,1296,4.2485540469289997e-116,True,0
ACB,SHB,0.5775150760717895,3.735784663688107e-116,1296,4.810961713237367e-115,True,1
STB,TPB,0.5771019286589306,5.939301471337159e-116,1296,7.466550421109571e-115,True,1
SHB,TPB,0.5763916925510614,1.3158562472211237e-115,1296,1.5897573930243871e-114,True,1
HDB,VIB,0.5763856385204339,1.3247978275203225e-115,1296,1.5897573930243871e-114,True,1
LPB,STB,0.5751386815249264,5.328883453307789e-115,1296,6.252556585214473e-114,True,1
TCB,VPB,0.5738629279889367,2.1998725028809006e-114,1296,2.5250710467850339e-113,True,1
VHM,VRE,0.5726920667059674,8.038105667772968e-114,1296,9.030042111881122e-113,True,1
SSI,TCB,0.5725364781832729,9.544743731918346e-114,1296,1.049921810511018e-112,True,0
TPB,VPB,0.5724394467955323,1.0623662252590507e-113,1296,1.1447538100750588e-112,True,1
CTG,HDB,0.5723673787672149,1.1502931105538871e-113,1296,1.2147095247449047e-112,True,1
CTG,LPB,0.5712911120698638,3.7629378125611526e-113,1296,3.895747382416252e-112,True,1
SSI,TPB,0.5699502649280103,1.6372722090082496e-112,1296,1.662461012223761e-111,True,0
CTG,SSI,0.5680622204485326,1.283373183280187e-111,1296,1.2785302656074317e-110,True,0
SHB,TCB,0.5673937709880401,2.6519422813771427e-111,1296,2.5930102306798726e-110,True,1
ACB,VPB,0.5673064917249394,2.915196321967109e-111,1296,2.7985884690884246e-110,True,1
HPG,MBB,0.5667003226334333,5.6208398748892966e-111,1296,5.299649024895622e-110,True,0
CTG,VPB,0.5642486072333563,7.889235064894036e-110,1296,7.307923007480791e-109,True,1
ACB,BID,0.5601891341470994,5.964546544889988e-108,1296,5.4297940960377824e-107,True,1
LPB,VIB,0.5584831114211815,3.608428872733849e-107,1296,3.229238042039783e-106,True,1
LPB,TCB,0.5583231018129143,4.269781530775824e-107,1296,3.757407747082725e-106,True,1
BID,VIB,0.5541252161154735,3.417658320417761e-105,1296,2.958235398656685e-104,True,1
SHB,SSI,0.5535273801857099,6.34725628311782e-105,1296,5.405405350784208e-104,True,0
BVH,GAS,0.5531700676068607,9.18365513902503e-105,1296,7.696777640325739e-104,True,0
SHB,STB,0.5513789260513605,5.81159484578816e-104,1296,4.794565747775232e-103,True,1
HPG,TCB,0.5510122111551251,8.467371967912165e-104,1296,6.878111383165573e-103,True,0
LPB,SHB,0.5503403109452834,1.68540275265798e-103,1296,1.348322202126384e-102,True,1
CTG,SHB,0.5483204691456743,1.3222909007689365e-102,1296,1.0420441725462663e-101,True,1
ACB,SSI,0.5477605598870448,2.3347490139708102e-102,1296,1.812863940259688e-101,True,0
ACB,VCB,0.5476084059247088,2.7243161568130175e-102,1296,2.0846941026047436e-101,True,1
POW,VIB,0.5465559074963939,7.904879693354512e-102,1296,5.962537825844547e-101,True,0
SSI,VPB,0.5448446214793421,4.4320793054604223e-101,1296,3.295968835610004e-100,True,0
HDB,LPB,0.5438548310808156,1.1958718297038144e-100,1296,8.769726751161305e-100,True,1
HPG,STB,0.5435841345528667,1.5679379578549252e-100,1296,1.1340701941745212e-99,True,0
BID,TCB,0.5416929601882889,1.0333341464462287e-99,1296,7.372978774643362e-99,True,1
ACB,HPG,0.541567132078566,1.1709586902672367e-99,1296,8.243549179481347e-99,True,0
LPB,SSI,0.5411546136558577,1.7636055524890155e-99,1296,1.2252417522555265e-98,True,0
HPG,MSN,0.5396841598839403,7.557707695544216e-99,1296,5.1824281340874625e-98,True,0
STB,VPB,0.5392870038249973,1.1182745710602412e-98,1296,7.569858634869325e-98,True,1
POW,TPB,0.5382092441214393,3.229696999004566e-98,1296,2.1585822980688745e-97,True,0
VIB,VPB,0.5379009085140682,4.371509503188108e-98,1296,2.8566723123623054e-97,True,1
HDB,SSI,0.5378983740438001,4.382395024646718e-98,1296,2.8566723123623054e-97,True,0
HPG,TPB,0.5360936995511671,2.561318381941919e-97,1296,1.6492391532504063e-96,True,0
MWG,TCB,0.5339964807664928,1.9664718012523693e-96,1296,1.2509603747725916e-95,True,0
LPB,TPB,0.5331510077652328,4.4544897229318706e-96,1296,2.7999649687000333e-95,True,1
CTG,HPG,0.5305705299272292,5.3263174419830454e-95,1296,3.308583069843586e-94,True,0
HDB,VPB,0.5260940434492429,3.748745725088204e-93,1296,2.301555514937874e-92,True,1
HPG,VIB,0.5258589607322635,4.678885436653002e-93,1296,2.839599437416994e-92,True,0
CTG,VCB,0.5256576008116418,5.656276374237568e-93,1296,3.3937658245425404e-92,True,1
VIC,VRE,0.525301818980946,7.906174174829297e-93,1296,4.6904044542807515e-92,True,1
MBB,VCB,0.5238329401189945,3.1374969794034076e-92,1296,1.8406648945833324e-91,True,1
BVH,PLX,0.5230925095682,6.269328466033298e-92,1296,3.637588384687452e-91,True,0
GVR,SSI,0.5226517096737666,9.459028210552119e-92,1296,5.428659668664695e-91,True,0
BID,TPB,0.5224748889850406,1.1153874121000067e-91,1296,6.332522081600037e-91,True,1
BID,HDB,0.519634378549449,1.5542658710778511e-90,1296,8.730344467330908e-90,True,1
HPG,VPB,0.5178407678718655,8.0981915525911e-90,1296,4.500889620808527e-89,True,0
BID,POW,0.5173224750968177,1.302385676735025e-89,1296,7.163121222042637e-89,True,0
BID,PLX,0.5170171201733416,1.7224470017119458e-89,1296,9.375793988700075e-89,True,0
HPG,LPB,0.5164266551053951,2.9550097940977986e-89,1296,1.5920869094730995e-88,True,0
MBB,POW,0.5160513736619032,4.1620279555464826e-89,1296,2.2197482429581238e-88,True,0
HDB,SHB,0.515404730145737,7.501906579690677e-89,1296,3.9610066740766776e-88,True,1
GVR,PLX,0.5143245155781282,2.0015551547257542e-88,1296,1.0463575462328694e-87,True,0
VPB,VRE,0.5141943156332213,2.2523408088504207e-88,1296,1.1659175951696296e-87,True,0
BID,SSI,0.5119016262788745,1.785471085417698e-87,1296,9.152706146607227e-87,True,0
BID,GVR,0.5109975687243287,4.0217240474277075e-87,1296,2.0417983625402204e-86,True,0
MWG,SSI,0.5086160631407508,3.37550572239095e-86,1296,1.697397163259449e-85,True,0
POW,STB,0.507353950359632,1.0352067346694385e-85,1296,5.156501470806259e-85,True,0
GVR,MBB,0.50648031660542,2.2424249929688634e-85,1296,1.1065424264369717e-84,True,0
MSN,SSI,0.5041661950819409,1.7187534008935164e-84,1296,8.402794404368303e-84,True,0
BID,LPB,0.5033261566407431,3.586004510747915e-84,1296,1.7370737446558706e-83,True,1
MBB,MWG,0.5024147055383565,7.946088938001298e-84,1296,3.8141226902406225e-83,True,0
MBB,MSN,0.5007343024951643,3.423568269309318e-83,1296,1.6285081497255137e-82,True,0
HPG,MWG,0.4974631229429154,5.743677234270986e-82,1296,2.707733553299179e-81,True,0
HPG,SHB,0.49744377442725884,5.839753289278495e-82,1296,2.728663483839863e-81,True,0
VCB,VIB,0.4966879459760821,1.1154946440327318e-81,1296,5.166501509204231e-81,True,1
POW,SSI,0.49641720959689173,1.4059694909164435e-81,1296,6.455233836555497e-81,True,0
FPT,MWG,0.49561821726150873,2.780151226293794e-81,1296,1.2654481443820028e-80,True,0
NVL,PDR,0.49337938551272503,1.8602432515347087e-80,1296,8.394943904361763e-80,True,1
TPB,VCB,0.49253589292438604,3.793104952820771e-80,1296,1.6972537416011585e-79,True,1
CTG,POW,0.4895200444497113,4.7672309995126546e-79,1296,2.1152083762543544e-78,True,0
CTG,GVR,0.4870005599128116,3.8745324844351247e-78,1296,1.7047942931514549e-77,True,0
GVR,TCB,0.485874712461357,9.82620105693256e-78,1296,4.287796824843299e-77,True,0
MSN,TCB,0.48571489956525893,1.1210743479644432e-77,1296,4.851862751846115e-77,True,0
FPT,MBB,0.48562366041525595,1.2086619127235355e-77,1296,5.188402357057128e-77,True,0
MSN,VIB,0.4855453464429629,1.2892561045409952e-77,1296,5.489735670948754e-77,True,0
BVH,POW,0.4840053958537891,4.572192044841089e-77,1296,1.931293919740876e-76,True,0
SHB,VPB,0.4837856033580723,5.474757687920828e-77,1296,2.294184173985871e-76,True,1
HDB,VCB,0.48313961333711913,9.289465549941021e-77,1296,3.862077016038472e-76,True,1
LPB,VPB,0.4812332246135945,4.393198677632618e-76,1296,1.812194454523455e-75,True,1
CTG,MSN,0.48074951317258097,6.506073569120943e-76,1296,2.662951042244851e-75,True,0
BID,HPG,0.4802898317639549,9.443471201380606e-76,1296,3.8355021494838154e-75,True,0
MSN,MWG,0.47979208468846923,1.4127518236674452e-75,1296,5.694144754934435e-75,True,0
TCB,VCB,0.47757270316349676,8.444356036995917e-75,1296,3.377742414798367e-74,True,1
HDB,POW,0.4774642163715064,9.212483729361377e-75,1296,3.657286773761509e-74,True,0
BID,GAS,0.47661094674523696,1.8251028175357675e-74,1296,7.191449907902128e-74,True,0
ACB,MSN,0.47520886569810966,5.589143857127746e-74,1296,2.1859762641210742e-73,True,0
GVR,HPG,0.4745310482570537,9.583276915334688e-74,1296,3.72056633183582e-73,True,1
GAS,POW,0.4739836711717674,1.4799088142035464e-73,1296,5.703590174448703e-73,True,0
BVH,MBB,0.47154650302789025,1.0147443816913526e-72,1296,3.8825002429930014e-72,True,0
MSN,TPB,0.47145543129593154,1.090108788375635e-72,1296,4.140844893973635e-72,True,0
BID,VPB,0.46987612628112124,3.762884517257933e-72,1296,1.4191450179372776e-71,True,1
POW,VPB,0.469459061197372,5.213627487251128e-72,1296,1.952337101608933e-71,True,0
PLX,POW,0.4693244624356984,5.791654894798219e-72,1296,2.1535167496151123e-71,True,0
HPG,VCB,0.46914680322366686,6.653381037924297e-72,1296,2.456632998618202e-71,True,0
STB,VCB,0.4688294854832923,8.522134961713119e-72,1296,3.1247828192948104e-71,True,1
GVR,STB,0.46809313951276327,1.5121108284022494e-71,1296,5.5061690854923285e-71,True,0
BVH,FPT,0.4643036246523494,2.8289541207646402e-70,1296,1.0230738190162534e-69,True,0
MSN,STB,0.4642272882092819,2.999755889917845e-70,1296,1.077463340052124e-69,True,0
FPT,VNM,0.46280337131940463,8.929232500857295e-70,1296,3.1855640273328727e-69,True,0
CTG,MWG,0.45989386488911066,8.162925877223984e-69,1296,2.892634136358566e-68,True,0
ACB,POW,0.45854159311636167,2.2665041511326232e-68,1296,7.978094611986835e-68,True,0
POW,VCB,0.45718287613368086,6.2947190523481325e-68,1296,2.2010673242647772e-67,True,0
GVR,POW,0.45414809976264847,6.061975967994878e-67,1296,2.1057390204613787e-66,True,0
BCM,POW,0.4537828868481244,7.949122816563352e-67,1296,2.7432266974806863e-66,True,0
GAS,GVR,0.4534300361593362,1.0325333065271133e-66,1296,3.5401141938072453e-66,True,0
POW,TCB,0.45314011046423686,1.279773548348433e-66,1296,4.3594866679224046e-66,True,0
GVR,MSN,0.4521754731568951,2.610215571403923e-66,1296,8.834575780136353e-66,True,0
FPT,TCB,0.45145514083860494,4.4378889976159127e-66,1296,1.4924875100262434e-65,True,0
GVR,MWG,0.45060186987042095,8.308081103749838e-66,1296,2.7763714068227306e-65,True,0
MWG,VIB,0.44925511716258426,2.227144091570262e-65,1296,7.395799247478606e-65,True,0
SSI,VCB,0.4488898061704978,2.9079079062481485e-65,1296,9.59609609061889e-65,True,0
HDB,HPG,0.4488322428337632,3.0326332232377818e-65,1296,9.945530073723906e-65,True,0
ACB,MWG,0.44875454649268404,3.20946631951791e-65,1296,1.0460482819169484e-64,True,0
MSN,SHB,0.4484402481788098,4.035825123324926e-65,1296,1.3073102239972768e-64,True,0
ACB,FPT,0.4464081171657867,1.7650035881835397e-64,1296,5.682450576590908e-64,True,0
MSN,VCB,0.44524770019586773,4.080629668092957e-64,1296,1.3058014937897463e-63,True,0
BVH,GVR,0.4448259276885626,5.529338317315153e-64,1296,1.75872929610988e-63,True,0
MSN,VPB,0.4443651889698403,7.701883532405947e-64,1296,2.4350865300061915e-63,True,0
LPB,POW,0.44205533055659435,4.025420679357241e-63,1296,1.2651322135122758e-62,True,0
BID,VNM,0.4407205290900123,1.0406998461350613e-62,1296,3.2514172707651615e-62,True,0
BID,MSN,0.44038849080395237,1.3172089070407435e-62,1296,4.09109589951478e-62,True,0
CTG,FPT,0.4401500023495361,1.5598508471914779e-62,1296,4.816381563257897e-62,True,0
LPB,MSN,0.4397732701436776,2.036836424702588e-62,1296,6.25261414094748e-62,True,0
BID,BVH,0.4393698408378928,2.7094347509984927e-62,1296,8.269257505937595e-62,True,0
SHB,VCB,0.4392126166160309,3.027808618224467e-62,1296,9.187833048405281e-62,True,1
MSN,POW,0.4389319350755877,3.6914944069145604e-62,1296,1.1137765982005072e-61,True,0
TCB,VRE,0.43745322425495403,1.0455153530282556e-61,1296,3.136546059084767e-61,True,0
POW,SHB,0.4372438941706875,1.2110277782678492e-61,1296,3.6125574402566346e-61,True,0
BCM,GAS,0.435547937753314,3.968216808834373e-61,1296,1.1770890309351399e-60,True,0
HPG,POW,0.43508288917978954,5.4881187661526415e-61,1296,1.6188417366081535e-60,True,0
BVH,STB,0.4341588158739867,1.043769481252449e-60,1296,3.061723811673851e-60,True,0
GAS,VCB,0.4331059660155595,2.165901184031007e-60,1296,6.318208978830783e-60,True,0
MWG,VPB,0.43215272220892886,4.185184071006724e-60,1296,1.2141632909294232e-59,True,0
VIC,VJC,0.43016630520729604,1.6402842270723876e-59,1296,4.732623343684266e-59,True,0
VCB,VPB,0.43013949560019293,1.6706990427723216e-59,1296,4.794179861868401e-59,True,1
GVR,VIB,0.42983980899983315,2.0513627544271235e-59,1296,5.8547001856082235e-59,True,0
BID,SHB,0.4296062929346849,2.4068083511995334e-59,1296,6.832230158243837e-59,True,1
BID,FPT,0.42940456816694794,2.762794564227599e-59,1296,7.800831710760279e-59,True,0
MBB,VNM,0.4293638102415615,2.8408461713144874e-59,1296,7.978546693904519e-59,True,0
FPT,GAS,0.4290583333445648,3.500070340560937e-59,1296,9.777974284741666e-59,True,0
BVH,HDB,0.4285354301336266,5.000299724004536e-59,1296,1.3895569759338923e-58,True,0
GVR,LPB,0.42845865381409576,5.268893707403004e-59,1296,1.4565318730412493e-58,True,0
FPT,SSI,0.42750571561516093,1.0075611589065451e-58,1296,2.7707931869929992e-58,True,0
GVR,TPB,0.42613134205325703,2.557125179186325e-58,1296,6.995658521297303e-58,True,0
BCM,GVR,0.4254792701542692,3.9719520666404575e-58,1296,1.0810261294774028e-57,True,0
FPT,GVR,0.424204850647275,9.366529731263636e-58,1296,2.5361680503113848e-57,True,0
GAS,STB,0.423990724516273,1.081486884613032e-57,1296,2.913393240182045e-57,True,0
ACB,GVR,0.4237855081792059,1.2411471109011801e-57,1296,3.3265262667808277e-57,True,0
PLX,STB,0.42297333861950825,2.1384127508182214e-57,1296,5.702434002181923e-57,True,0
TCB,VNM,0.42106324840396636,7.642049448120375e-57,1296,2.027639250556562e-56,True,0
MWG,STB,0.4203955796353289,1.1904504113742719e-56,1296,3.1427890860280778e-56,True,0
FPT,VPB,0.41989591446634705,1.6576402421235035e-56,1296,4.354398247966218e-56,True,0
BVH,TCB,0.41875417939544196,3.524642521735716e-56,1296,9.212926987507218e-56,True,0
HPG,VNM,0.4183208798705226,4.689440511086735e-56,1296,1.2197165467260082e-55,True,0
MSN,VNM,0.41714486990459243,1.0157062005035712e-55,1296,2.6288866365974782e-55,True,1
FPT,STB,0.41705159173310064,1.0797759026209023e-55,1296,2.781081349189446e-55,True,0
LPB,VCB,0.4165330707145606,1.5165438874310088e-55,1296,3.887063944483362e-55,True,1
VCB,VNM,0.41538822979698076,3.2036903954641422e-55,1296,8.171732023212885e-55,True,0
FPT,VCB,0.4151082858173282,3.8448559512885844e-55,1296,9.760018953271022e-55,True,0
FPT,POW,0.41419162780564717,6.978886908443767e-55,1296,1.7630872189752676e-54,True,0
FPT,HDB,0.4137375281240307,9.370154015175765e-55,1296,2.3559244381013352e-54,True,0
BID,MWG,0.41232549409764596,2.335528861603939e-54,1296,5.844356582591847e-54,True,0
STB,VRE,0.41143720555824315,4.139341322722505e-54,1296,1.0309302916969257e-53,True,0
MBB,PLX,0.41091928163626024,5.774336232588772e-54,1296,1.4313847562473577e-53,True,0
FPT,LPB,0.40944973890066916,1.4801969496855199e-53,1296,3.6520747169810954e-53,True,0
BVH,CTG,0.40861925097854995,2.514509333852754e-53,1296,6.1751671082523445e-53,True,0
FPT,MSN,0.4083385531411823,3.0066954082479207e-53,1296,7.349699886828251e-53,True,0
BVH,LPB,0.4082918050371779,3.097504486038439e-53,1296,7.536785108886156e-53,True,0
PLX,VCB,0.40816415939897627,3.3595906165061443e-53,1296,8.136990117042404e-53,True,0
STB,VNM,0.40814315164925163,3.4047898063995965e-53,1296,8.208808300360671e-53,True,0
HDB,MSN,0.4072312304420139,6.076206959311789e-53,1296,1.4582896702348294e-52,True,0
FPT,HPG,0.4069738713170884,7.152873376262778e-53,1296,1.7089217840121026e-52,True,0
BCM,BVH,0.40619908935837734,1.1678686035749595e-52,1296,2.7776334355296333e-52,True,0
CTG,VRE,0.405574802743069,1.731975107481625e-52,1296,4.100819985427345e-52,True,0
MWG,TPB,0.40497759062974337,2.5230499542152384e-52,1296,5.947189177793062e-52,True,0
FPT,PLX,0.4047442316010419,2.921980419519124e-52,1296,6.84353265661509e-52,True,0
FPT,TPB,0.4047402856497895,2.929239356808732e-52,1296,6.84353265661509e-52,True,0
VHM,VJC,0.4041500233367363,4.2440454269303135e-52,1296,9.871612270569189e-52,True,0
CTG,VNM,0.4025378129243366,1.1639741295481453e-51,1296,2.6955190368483366e-51,True,0
VNM,VPB,0.40167663439885315,1.9906932385691385e-51,1296,4.589895327355918e-51,True,0
GVR,VPB,0.4010587825367856,2.9227448991383484e-51,1296,6.709605681500209e-51,True,0
BVH,VNM,0.4008971902715281,3.2311258810898567e-51,1296,7.385430585348243e-51,True,0
GVR,SHB,0.4002893352574722,4.709849676292856e-51,1296,1.071896822880443e-50,True,0
SSI,VNM,0.399554879978977,7.418062216281382e-51,1296,1.6810029399985276e-50,True,0
HDB,VJC,0.39924445881172804,8.98512254357925e-51,1296,2.0274122662435231e-50,True,0
GAS,VNM,0.3990106546128985,1.0379003431647583e-50,1296,2.3319633242169887e-50,True,0
VNM,VRE,0.39557394902269655,8.53107124003841e-50,1296,1.9086464469238477e-49,True,0
BVH,VPB,0.3955166953079885,8.833912619476895e-50,1296,1.968061545604979e-49,True,0
BVH,TPB,0.3938497468454417,2.4317932873220912e-49,1296,5.394902755067497e-49,True,0
GVR,HDB,0.3931927615404555,3.618757293509722e-49,1296,7.994576782314366e-49,True,0
GAS,MBB,0.3919800984035701,7.519334028041485e-49,1296,1.654253486169127e-48,True,0
GAS,MSN,0.390050189259549,2.3929039041772838e-48,1296,5.2425446531352936e-48,True,0
LPB,MWG,0.3888665731610358,4.8484674037569134e-48,1296,1.057847433546963e-47,True,0
TCB,VHM,0.3878598362144167,8.819957418110433e-48,1296,1.9164351920832546e-47,True,0
MBB,VRE,0.3862140802572851,2.335210582938761e-47,1296,5.053242572916663e-47,True,0
BVH,VIB,0.3831270107402522,1.428984015925198e-46,1296,3.0796063690143046e-46,True,0
FPT,VIB,0.38279752342134554,1.731790306692344e-46,1296,3.717013341193323e-46,True,0
MWG,VNM,0.3824149862264579,2.1641238752633856e-46,1296,4.626143344692582e-46,True,0
HDB,VRE,0.38191564044477,2.8935371743989898e-46,1296,6.160433984204301e-46,True,0
ACB,BVH,0.38172557034968646,3.2313779870129413e-46,1296,6.852078623063586e-46,True,0
STB,VHM,0.38094335242555744,5.08655355427137e-46,1296,1.0742801106621133e-45,True,0
PLX,TCB,0.38038483660834965,7.027189082158446e-46,1296,1.4782294164859202e-45,True,0
VHM,VPB,0.3793275677884222,1.2933934104171983e-45,1296,2.7099671456360348e-45,True,0
FPT,SHB,0.3790311371325624,1.5340515272536012e-45,1296,3.2014988394857767e-45,True,0
GAS,SAB,0.37867098250230563,1.887023548968169e-45,1296,3.922631629351155e-45,True,0
BID,VRE,0.3780617554434389,2.677041440384061e-45,1296,5.543050511854056e-45,True,0
CTG,PLX,0.3778792014821226,2.972364291316383e-45,1296,6.13050135084004e-45,True,0
ACB,SSB,0.37580026845110603,9.741132507307426e-45,1296,2.0012910365207476e-44,True,1
BVH,VCB,0.3754813593286543,1.167768218047324e-44,1296,2.389851236934058e-44,True,0
BCM,BID,0.3750172088423162,1.5198841248492326e-44,1296,3.098451034441679e-44,True,0
HDB,MWG,0.3748880629062248,1.6353967777458602e-44,1296,3.321113456345439e-44,True,0
BVH,SSI,0.37415389626508355,2.478547808461829e-44,1296,5.01407372746301e-44,True,0
CTG,GAS,0.37220997973867676,7.414373398022842e-44,1296,1.4941943336473515e-43,True,0
BCM,MSN,0.3718628095705644,9.009915799773251e-44,1296,1.8088348069506756e-43,True,0
MWG,SHB,0.37137399712059205,1.1850223792038344e-43,1296,2.370044758407669e-43,True,0
GAS,VIB,0.3700947467390329,2.422158778738463e-43,1296,4.826037113863805e-43,True,0
VJC,VRE,0.36963249545586574,3.1336279413718944e-43,1296,6.220133658061504e-43,True,0
BCM,VIB,0.36842912545984174,6.114426537807455e-43,1296,1.2091450232068676e-42,True,0
PLX,VNM,0.36802113743395015,7.664806712336675e-43,1296,1.510081322430509e-42,True,0
GVR,VRE,0.3675322613962704,1.004427563345523e-42,1296,1.971515812068536e-42,True,0
GVR,VCB,0.36723531436873563,1.1834222060648943e-42,1296,2.3142478696380155e-42,True,0
BCM,SSI,0.36669928879204283,1.5904241735654688e-42,1296,3.098686212703201e-42,True,0
HDB,VNM,0.364480028327951,5.3754740058425145e-42,1296,1.0434743658400176e-41,True,0
PLX,VHM,0.3634613821289794,9.371144387727497e-42,1296,1.812441112351692e-41,True,0
LPB,VRE,0.36339988891846925,9.690271404414026e-42,1296,1.867322372821389e-41,True,0
ACB,PLX,0.3632388309052603,1.0578193861279436e-41,1296,2.0310132213656515e-41,True,0
GAS,LPB,0.36316527610922966,1.1010151330801434e-41,1296,2.1062898198054916e-41,True,0
BVH,VHM,0.36268896166945747,1.4263998410530872e-41,1296,2.718913776447762e-41,True,0
VHM,VNM,0.3626294947737379,1.4732172708808887e-41,1296,2.7980529461334865e-41,True,0
BVH,SHB,0.36257446650718383,1.5178987599118085e-41,1296,2.872582599402993e-41,True,0
ACB,VNM,0.36223147348125984,1.82837540916304e-41,1296,3.447793628707447e-41,True,0
SHB,SSB,0.36140599121928785,2.8587538647630946e-41,1296,5.371608685391153e-41,True,1
VCB,VRE,0.35973775058970986,7.026212045131254e-41,1296,1.3155460850458518e-40,True,0
BVH,VRE,0.3593538267038745,8.635173038729341e-41,1296,1.6110852877911986e-40,True,0
GAS,SSI,0.3582415023813643,1.5668456467804491e-40,1296,2.9130088080988632e-40,True,0
POW,VRE,0.3578178388541807,1.96476492130792e-40,1296,3.6399855384230936e-40,True,0
VIB,VNM,0.35756707272229704,2.246026167011091e-40,1296,4.146509846789706e-40,True,0
SSI,VRE,0.35736400568912446,2.502813996391885e-40,1296,4.6044801048603326e-40,True,0
FPT,VRE,0.3571971055760431,2.7355421770933723e-40,1296,5.015160658004516e-40,True,0
GAS,HDB,0.35663967737050034,3.679979572831648e-40,1296,6.723284479083425e-40,True,0
GVR,VNM,0.35635371874095056,4.283713960848638e-40,1296,7.799313694234762e-40,True,0
SSB,TPB,0.3562124976953204,4.617185924821005e-40,1296,8.377574461530894e-40,True,1
HDB,SSB,0.3558980284120752,5.455259167954964e-40,1296,9.864304248904867e-40,True,1
STB,VIC,0.35549738842487755,6.745038072470001e-40,1296,1.2154880895099523e-39,True,0
HDB,PLX,0.35510331423506825,8.3083269516962e-40,1296,1.492107697447481e-39,True,0
GAS,VHM,0.3550408207105279,8.58733098601826e-40,1296,1.5369866985144546e-39,True,0
VIC,VPB,0.3535966598707213,1.83844579923428e-39,1296,3.279389804039526e-39,True,0
BCM,FPT,0.353400501234175,2.0380854191594453e-39,1296,3.6232629673945694e-39,True,0
SSB,VIB,0.35174877163243545,4.841304958520075e-39,1296,8.577882611069127e-39,True,1
BCM,STB,0.3514742856123432,5.587101186785292e-39,1296,9.866185373319847e-39,True,0
MWG,VCB,0.3512782743338904,6.188468746906745e-39,1296,1.0891704994555872e-38,True,0
PLX,VRE,0.35126964559748136,6.216370534152741e-39,1296,1.0904463927018762e-38,True,0
MSN,VRE,0.3503021793219646,1.0284934125065758e-38,1296,1.7981606682234173e-38,True,0
GAS,HPG,0.35025464350255164,1.0542066428355301e-38,1296,1.8370333578124087e-38,True,0
PLX,SSI,0.34953618137628106,1.5303424130669467e-38,1296,2.657963138484697e-38,True,0
HPG,VRE,0.3491979384267147,1.8232487899127043e-38,1296,3.156312659258714e-38,True,0
FPT,VHM,0.3490661346648238,1.9519024158123148e-38,1296,3.3679884821859553e-38,True,0
SAB,VNM,0.34749018105064844,4.399780994026886e-38,1296,7.567050048358944e-38,True,1
PLX,SAB,0.3464794831689826,7.391633761355059e-38,1296,1.2671372162322958e-37,True,0
HPG,PLX,0.34641263535479044,7.649151942999579e-38,1296,1.3070395553086658e-37,True,0
MBB,SSB,0.34630459712732137,8.084308338721881e-38,1296,1.3769402589823075e-37,True,1
TPB,VRE,0.3460143791499469,9.378764799164193e-38,1296,1.5922790398581008e-37,True,0
LPB,PLX,0.34573827792041006,1.0800594672464897e-37,1296,1.8277929445709826e-37,True,0
BCM,CTG,0.3450777273992015,1.513066569894873e-37,1296,2.552393446979211e-37,True,0
GVR,VHM,0.34318300284462233,3.9615971895762775e-37,1296,6.6615392232365435e-37,True,0
BCM,PLX,0.34251297314561135,5.559049938060879e-37,1296,9.318026562844903e-37,True,0
VCB,VHM,0.3423577869832974,6.012099355886396e-37,1296,1.0045533100974736e-36,True,0
MWG,POW,0.34228167856174035,6.247501293732384e-37,1296,1.0405932754229333e-36,True,0
BVH,MSN,0.3419760661818339,7.288509694726654e-37,1296,1.2101676474263124e-36,True,0
MSN,SAB,0.3412738837286686,1.0378646799969468e-36,1296,1.7178449875811536e-36,True,1
LPB,VNM,0.34121254566537595,1.0703625773280792e-36,1296,1.7660982525913305e-36,True,0
BCM,HDB,0.34090705948757255,1.2478838178684786e-36,1296,2.052593943409834e-36,True,0
TPB,VNM,0.340068013494638,1.900343936215878e-36,1296,3.1160919202546074e-36,True,0
VIC,VNM,0.33987524089163235,2.092757371963667e-36,1296,3.414749905565925e-36,True,0
POW,VNM,0.3398727036452003,2.0954147147790905e-36,1296,3.414749905565925e-36,True,0
PDR,SSI,0.33974216568475785,2.236747100674674e-36,1296,3.633853751249932e-36,True,0
GAS,TPB,0.33952869542318387,2.488534187912754e-36,1296,4.0305093595642155e-36,True,0
VJC,VNM,0.3394437167353425,2.5964223766504387e-36,1296,4.192388424683277e-36,True,0
GAS,TCB,0.33939176066660615,2.6646593120051212e-36,1296,4.289451575422878e-36,True,0
BVH,MWG,0.3391702308506651,2.9761505964289952e-36,1296,4.776314634998509e-36,True,0
ACB,VRE,0.3387924570766086,3.592869642333192e-36,1296,5.748591427733108e-36,True,0
FPT,VIC,0.3375657746452162,6.610446016816422e-36,1296,1.0544759809302329e-35,True,0
PLX,VPB,0.33736208413138524,7.312793196611822e-36,1296,1.162998436087663e-35,True,0
SSI,VHM,0.33647419091495945,1.1346280924122028e-35,1296,1.7990499483292584e-35,True,0
PLX,VIC,0.3356702619194022,1.6867274894685007e-35,1296,2.6664434564052946e-35,True,0
BCM,MBB,0.3335839526120457,4.6938026270581345e-35,1296,7.397993394288642e-35,True,0
TPB,VJC,0.33162440423604883,1.2186501204742816e-34,1296,1.9150216178881566e-34,True,0
TCB,VIC,0.3294500162387593,3.4844990587230987e-34,1296,5.4593931839934604e-34,True,0
NVL,VHM,0.32871081269629326,4.970611001459513e-34,1296,7.764741446066931e-34,True,1
VJC,VPB,0.32835385741989914,5.898652220686898e-34,1296,9.187281334875169e-34,True,0
BCM,TPB,0.3277733586649163,7.788277894908303e-34,1296,1.2094737436798777e-33,True,0
BVH,VIC,0.3263770937509447,1.5158628540858272e-33,1296,2.347142483745797e-33,True,0
MBB,VHM,0.32491544557185714,3.0325151751837965e-33,1296,4.681777814318844e-33,True,0
CTG,VHM,0.32437620014732627,3.912789519435599e-33,1296,6.023186199014567e-33,True,0
MWG,PLX,0.32361969234114485,5.589670743606263e-33,1296,8.579494629721241e-33,True,0
BVH,HPG,0.32279312357343015,8.243796009244519e-33,1296,1.2616592153278567e-32,True,0
TCB,VJC,0.32228214112325626,1.0475614265355033e-32,1296,1.598590847429901e-32,True,0
ACB,GAS,0.3221153096739691,1.1326825809084787e-32,1296,1.723505483342008e-32,True,0
STB,VJC,0.32076170252122105,2.1310966554224937e-32,1296,3.233388028916887e-32,True,0
BID,SAB,0.32050126793048206,2.4057747154815875e-32,1296,3.6396820910437766e-32,True,0
GAS,VIC,0.3189093984716844,5.034471138688399e-32,1296,7.594859317792785e-32,True,0
MWG,VRE,0.31791548185432966,7.965402819526348e-32,1296,1.1982144412278952e-31,True,0
VIB,VRE,0.31765315106924447,8.988196091642197e-32,1296,1.3482294137463296e-31,True,0
GAS,VPB,0.31614293689847867,1.7975853683183566e-31,1296,2.6887395877396383e-31,True,0
SSI,VJC,0.31593639508758514,1.9757087553215405e-31,1296,2.946819838445688e-31,True,0
GAS,VRE,0.31464948664766557,3.553554298730027e-31,1296,5.285286393604096e-31,True,0
SHB,VNM,0.31344738843180475,6.1329565327154475e-31,1296,9.096070363128529e-31,True,0
FPT,SAB,0.3131083925583643,7.150055150313825e-31,1296,1.0574871482817085e-30,True,0
HPG,VHM,0.31282590023610213,8.12410007670026e-31,1296,1.198191296228418e-30,True,0
MBB,SAB,0.31167993617080936,1.3619544862158544e-30,1296,2.0030974059107833e-30,True,0
MSN,VHM,0.311568916196398,1.4316884556688974e-30,1296,2.0998097349810495e-30,True,0
LPB,VHM,0.3110688571118123,1.792305312690315e-30,1296,2.6214327011093805e-30,True,0
VCB,VIC,0.310318741671441,2.5084777594393345e-30,1296,3.658774190563449e-30,True,0
GAS,MWG,0.3096008417104169,3.457347364429965e-30,1296,5.0288688937163125e-30,True,0
MSN,VJC,0.3090520411240537,4.4156633032487404e-30,1296,6.405137978338832e-30,True,0
MBB,VJC,0.3077383708019997,7.914436289025752e-30,1296,1.1448828385220815e-29,True,0
SAB,VCB,0.30769203309558757,8.078590553590566e-30,1296,1.1654360142884751e-29,True,0
MSN,PLX,0.30664950150963144,1.2808571874152012e-29,1296,1.8427591143194175e-29,True,0
BVH,SAB,0.30655953139788494,1.332713900384953e-29,1296,1.9121547266392807e-29,True,0
CTG,SSB,0.3057399177533015,1.911959896854056e-29,1296,2.735812535335885e-29,True,1
MWG,VHM,0.30425941956629243,3.6588298852061175e-29,1296,5.221249133483324e-29,True,0
PLX,TPB,0.3038444640874425,4.38582691663419e-29,1296,6.241823751975343e-29,True,0
GVR,SAB,0.30197512889503625,9.886659473454551e-29,1296,1.403267796232259e-28,True,0
POW,SAB,0.3008580699651684,1.602356901502712e-28,1296,2.268215667542713e-28,True,0
PDR,VPB,0.2998570026062667,2.4655435951686593e-28,1296,3.4807674284734014e-28,True,0
NVL,VIC,0.2988191780150093,3.8473393577686633e-28,1296,5.417053815738278e-28,True,1
VCB,VJC,0.29805488767372357,5.332977432190397e-28,1296,7.4888619260546e-28,True,0
ACB,VJC,0.29691479415042255,8.663871959851059e-28,1296,1.2134016962337822e-27,True,0
HDB,VHM,0.2967167072514013,9.423902318498574e-28,1296,1.3163546095680547e-27,True,0
BVH,VJC,0.294305569156512,2.608835981620335e-27,1296,3.6344733464262184e-27,True,0
MBB,VIC,0.2939425515378138,3.0385022655596995e-27,1296,4.221918937409267e-27,True,0
HPG,PDR,0.29332598911357005,3.934579931949917e-27,1296,5.452646204906971e-27,True,0
LPB,SAB,0.29216377656576975,6.393182556839111e-27,1296,8.836650235631022e-27,True,0
BCM,VPB,0.29126332224754925,9.297831334842263e-27,1296,1.2817898028189856e-26,True,0
LPB,VIC,0.29036250089165394,1.3505973625010022e-26,1296,1.8570713734388783e-26,True,0
HDB,VIC,0.28987113332304937,1.6547147115182274e-26,1296,2.269323032939283e-26,True,0
SSB,TCB,0.2891451334559604,2.2321154612283445e-26,1296,3.0532563821983573e-26,True,1
BID,VHM,0.28893183529324745,2.4368930882434707e-26,1296,3.32475336070427e-26,True,0
PLX,VIB,0.2887025705595738,2.677769909152806e-26,1296,3.643975546475983e-26,True,0
CTG,VIC,0.2885282970707167,2.8765085621190016e-26,1296,3.904361235986717e-26,True,0
HPG,VJC,0.28851345385725635,2.894095532934239e-26,1296,3.9181601061263543e-26,True,0
BCM,VCB,0.28772291351132284,4.001950929654408e-26,1296,5.404169030326157e-26,True,0
CTG,VJC,0.28729085957196865,4.775413070852405e-26,1296,6.432189034209362e-26,True,0
SAB,VIB,0.2870443930217157,5.281132138397079e-26,1296,7.095261498915161e-26,True,0
HDB,SAB,0.2870283989348067,5.315723953358782e-26,1296,7.1236097649072e-26,True,0
GVR,VIC,0.286361238243343,6.97704187201163e-26,1296,9.326273692207951e-26,True,0
SAB,TCB,0.28614382007316624,7.622412008448766e-26,1296,1.016321601126502e-25,True,0
LPB,SSB,0.28539607367709297,1.0326952609097013e-25,1296,1.3734586845348168e-25,True,1
GAS,SHB,0.2846457623434888,1.3992726485169986e-25,1296,1.8563215035602395e-25,True,0
PDR,TCB,0.2838234129824374,1.9500123896674591e-25,1296,2.5804675231689682e-25,True,0
MWG,SAB,0.28358008047608124,2.150771641756055e-25,1296,2.839018567117993e-25,True,0
TPB,VHM,0.2830105975095316,2.70412900649912e-25,1296,3.5605489162881183e-25,True,0
BCM,HPG,0.28207840221757363,3.9290957367352445e-25,1296,5.1606033557119635e-25,True,0
BCM,VRE,0.28201855385047925,4.0242890714763432e-25,1296,5.272517691661313e-25,True,1
GVR,PDR,0.2819757691472474,4.0937371358664284e-25,1296,5.350230712221471e-25,True,0
ACB,VHM,0.2814710324105881,5.008223280322225e-25,1296,6.529239239531196e-25,True,0
SAB,STB,0.2809735447527908,6.106786939201379e-25,1296,7.941831290389971e-25,True,0
FPT,VJC,0.28036668314552154,7.773915389791491e-25,1296,1.0085079424594367e-24,True,0
CTG,SAB,0.2796762249175857,1.0223264652970376e-24,1296,1.3230107197961662e-24,True,0
SHB,VRE,0.2792579795409169,1.2063666999419265e-24,1296,1.5573633681401887e-24,True,0
LPB,VJC,0.27913219535042627,1.2678720808434166e-24,1296,1.6327718504520097e-24,True,0
BCM,TCB,0.27883968841631046,1.4231582140959366e-24,1296,1.8282908443860205e-24,True,0
BCM,SAB,0.27881816352414746,1.4353018871516993e-24,1296,1.8394160107186826e-24,True,0
PLX,VJC,0.27800555907956737,1.9770191138960854e-24,1296,2.5275208042061335e-24,True,0
SSI,VIC,0.2730024020523917,1.386753686086299e-23,1296,1.7686133967477436e-23,True,0
SSB,VPB,0.2721285232169384,1.940723079351865e-23,1296,2.4691609298741802e-23,True,1
MWG,PDR,0.2718779188337347,2.1366020661003364e-23,1296,2.711841083896581e-23,True,0
PDR,VHM,0.2710683380537027,2.9129336384260946e-23,1296,3.688318851532321e-23,True,1
SHB,VHM,0.27022999019050586,4.010873671041657e-23,1296,5.0663667423684094e-23,True,0
SSB,STB,0.26884967328119747,6.774577421303235e-23,1296,8.536937657394053e-23,True,1
SHB,VJC,0.2686915704435042,7.19237239646486e-23,1296,9.041839584127252e-23,True,0
HPG,VIC,0.26864310775733474,7.325466662900783e-23,1296,9.187283605728297e-23,True,0
BCM,LPB,0.267878792261111,9.777053665449654e-23,1296,1.2232901268619472e-22,True,0
BID,VIC,0.2667996930717315,1.4673240338769552e-22,1296,1.831553403988256e-22,True,0
SSB,VCB,0.2655035126844668,2.3836833535406004e-22,1296,2.9683604025222573e-22,True,1
BCM,MWG,0.26546103430987905,2.42178010850121e-22,1296,3.0087056406791502e-22,True,0
SAB,VRE,0.2651055946368825,2.76506919308254e-22,1296,3.427128013961458e-22,True,0
SHB,VIC,0.2636360412732745,4.773180472461081e-22,1296,5.902199741122835e-22,True,0
SSB,SSI,0.2634689237431864,5.077814867936015e-22,1296,6.264220210911719e-22,True,0
HPG,SAB,0.26092226479341385,1.296438146743011e-21,1296,1.5956161806067828e-21,True,0
ACB,SAB,0.25877012343678885,2.8398755521171837e-21,1296,3.487103003529937e-21,True,0
ACB,VIC,0.25828858391729,3.381140177634576e-21,1296,4.142092839422404e-21,True,0
BCM,SHB,0.2577985242497398,4.0365020745078465e-21,1296,4.93350253550959e-21,True,0
POW,SSB,0.25748816752548775,4.514900558141562e-21,1296,5.505467655193406e-21,True,0
GAS,VJC,0.25677688262495,5.832869277558099e-21,1296,7.09620962799695e-21,True,0
POW,VHM,0.25251692544283444,2.6600119230819077e-20,1296,3.2287041273270057e-20,True,0
MWG,VJC,0.25195178658070805,3.2462773991193014e-20,1296,3.931271712694934e-20,True,0
POW,VIC,0.2506987739746958,5.039730344604939e-20,1296,6.0891936429094e-20,True,0
SAB,SSI,0.25068984002056516,5.0555158966036833e-20,1296,6.094320532892111e-20,True,0
PLX,SHB,0.2501907970509323,6.019312813877548e-20,1296,7.23962907910557e-20,True,0
BCM,VNM,0.24972300635077904,7.086476709250908e-20,1296,8.50377205110109e-20,True,0
TPB,VIC,0.24862628100981504,1.0376198588603804e-19,1296,1.242320375234197e-19,True,0
BID,VJC,0.2483436359525133,1.1444250545740476e-19,1296,1.3670959927943373e-19,True,0
PDR,VJC,0.24391220181886006,5.232349001718686e-19,1296,6.236298584441233e-19,True,0
SAB,VPB,0.24307554541874327,6.947912038168906e-19,1296,8.262381883227887e-19,True,0
SAB,SHB,0.24087713301054886,1.4562865779700831e-18,1296,1.7279085689173122e-18,True,0
MSN,VIC,0.23922068185156675,2.5309910603103845e-18,1296,2.9963302238652083e-18,True,0
PDR,VRE,0.23531296808450508,9.170492072644603e-18,1296,1.0832259092519798e-17,True,1
NVL,VRE,0.233098754394181,1.882499970262024e-17,1296,2.2186606792373856e-17,True,1
POW,VJC,0.23270239863208958,2.1394719880383488e-17,1296,2.5159046986286152e-17,True,0
SAB,VJC,0.23053819590094327,4.284785935562415e-17,1296,5.027482164393234e-17,True,0
NVL,VJC,0.23048885310106462,4.352815929479069e-17,1296,5.095979624755983e-17,True,0
BID,SSB,0.23028976582800922,4.6382780728748854e-17,1296,5.418165536455618e-17,True,1
ACB,BCM,0.2300084271043108,5.073367556349088e-17,1296,5.913329072300924e-17,True,0
MBB,PDR,0.22848524990913655,8.226606235424186e-17,1296,9.567506811242225e-17,True,0
MSN,PDR,0.22811683876187028,9.242050440143949e-17,1296,1.072484095032089e-16,True,0
MSN,SSB,0.2255337629335408,2.0782690025259613e-16,1296,2.4064167397669027e-16,True,0
VIB,VJC,0.22500711540260696,2.4486368420754985e-16,1296,2.8290596337327423e-16,True,0
PDR,TPB,0.22178256517196748,6.623632416277235e-16,1296,7.6359779820838e-16,True,0
SAB,TPB,0.22088061405170328,8.72530472935083e-16,1296,1.0036951845527752e-15,True,0
MWG,VIC,0.22054419497626349,9.666910393695175e-16,1296,1.109593193015446e-15,True,0
VHM,VIB,0.22041860671885283,1.0043473410150454e-15,1296,1.1503153927460824e-15,True,0
SAB,VHM,0.21914892209084985,1.4760503899074971e-15,1296,1.6869147313228538e-15,True,0
GVR,VJC,0.21732697591075983,2.554139479353999e-15,1296,2.912711976455532e-15,True,0
FPT,SSB,0.2156216832125441,4.248306126554914e-15,1296,4.834279385390075e-15,True,0
VIB,VIC,0.21006813305954838,2.1627188485862457e-14,1296,2.455732370007608e-14,True,0
NVL,VPB,0.20980060359555808,2.3364334923303005e-14,1296,2.647289450537336e-14,True,0
PDR,STB,0.20261429822742072,1.790422812358081e-13,1296,2.0242896036939328e-13,True,0
HPG,SSB,0.20253862121747968,1.8285053244674635e-13,1296,2.0629290840145743e-13,True,0
PDR,VIC,0.20241275701842323,1.893610941252897e-13,1296,2.1318263901525151e-13,True,1
PDR,VNM,0.20193717748781076,2.160796567744164e-13,1296,2.427448059082806e-13,True,0
PDR,VCB,0.2018567671471805,2.2094897945555788e-13,1296,2.4768802792470183e-13,True,0
BCM,VHM,0.2012414696672164,2.619477751486613e-13,1296,2.930263247425703e-13,True,1
NVL,TCB,0.1990374391605966,4.798087479484994e-13,1296,5.35600462826232e-13,True,0
MWG,NVL,0.19819103418756487,6.042340531527719e-13,1296,6.730708440182776e-13,True,0
HDB,PDR,0.19335517483831113,2.2120100214491697e-12,1296,2.458823771210867e-12,True,0
SAB,VIC,0.19276831796568847,2.5834153417412903e-12,1296,2.8656371857970616e-12,True,0
NVL,SSI,0.19134387831286234,3.757698056287106e-12,1296,4.159464515135413e-12,True,0
CTG,PDR,0.19108120472292395,4.0252498333824164e-12,1296,4.4463010711839246e-12,True,0
PDR,VIB,0.19095374836316126,4.161708946383465e-12,1296,4.587437001441481e-12,True,0
ACB,PDR,0.18555035342637569,1.6745385967640287e-11,1296,1.8419924564404316e-11,True,0
BCM,SSB,0.1849938008466398,1.928208235033111e-11,1296,2.116619434714101e-11,True,0
HPG,NVL,0.18300519736659068,3.180449625812104e-11,1296,3.483978013337741e-11,True,0
PDR,SHB,0.17976471392093996,7.103514875527587e-11,1296,7.765333031632641e-11,True,0
BCM,VIC,0.17851834042443865,9.638314699214082e-11,1296,1.0514525126415363e-10,True,1
NVL,PLX,0.17487360566260324,2.323517870298589e-10,1296,2.5295204856034123e-10,True,0
BID,PDR,0.17294534636580375,3.673449038930911e-10,1296,3.990907597850866e-10,True,0
GVR,SSB,0.1631465081132701,3.4791431789116823e-09,1296,3.772048456807737e-09,True,0
LPB,PDR,0.1613296199419993,5.202546041276293e-09,1296,5.628984241380907e-09,True,0
FPT,PDR,0.16080408584391354,5.839758831268752e-09,1296,6.305506468118407e-09,True,0
PDR,PLX,0.1602474191069076,6.5973242373252995e-09,1296,7.108953463893384e-09,True,0
SSB,VRE,0.15924313931763284,8.212426515994567e-09,1296,8.83128554062145e-09,True,0
SSB,VNM,0.15799697198665374,1.0756017287236952e-08,1296,1.1543042942400631e-08,True,0
GVR,NVL,0.15788018309916985,1.1030275380581788e-08,1296,1.1813357811251896e-08,True,0
SSB,VJC,0.15783698696847592,1.113342369901137e-08,1296,1.1899691726878549e-08,True,0
PDR,POW,0.14473674930042701,1.6671499370104197e-07,1296,1.7782932661444476e-07,True,0
BVH,SSB,0.14350914023586553,2.1231306511975733e-07,1296,2.260106822242578e-07,True,0
NVL,STB,0.14151403098250126,3.131557116895535e-07,1296,3.326885629216987e-07,True,0
MSN,NVL,0.1351528616525013,1.04362452951528e-06,1296,1.1064934770764414e-06,True,0
NVL,VNM,0.13129451940780845,2.110078830081805e-06,1296,2.2327086618901666e-06,True,0
LPB,NVL,0.130776081090888,2.3159691907801442e-06,1296,2.4456634654638324e-06,True,0
BCM,VJC,0.12068428569833382,1.32235207665621e-05,1296,1.393616559829299e-05,True,0
SSB,VHM,0.11914989273020736,1.7034754305822342e-05,1296,1.7917032417279274e-05,True,0
SSB,VIC,0.11605337019618082,2.8136379666569847e-05,1296,2.9534808079421234e-05,True,0
BVH,PDR,0.11312121955577106,4.473798258452411e-05,1296,4.686836270759669e-05,True,0
PDR,SAB,0.1111628574977022,6.060659658614086e-05,1296,6.336689702471757e-05,True,0
NVL,VCB,0.11017758350870842,7.047640437264786e-05,1296,7.35405958671108e-05,True,0
FPT,NVL,0.10995664456349205,7.288912381550108e-05,1296,7.590819994987096e-05,True,0
GAS,SSB,0.10854931870839707,9.01872679313876e-05,1296,9.3737947771206e-05,True,0
BID,NVL,0.10795799859772955,9.85543414275762e-05,1296,0.00010223318717831086,True,0
MBB,NVL,0.10382275243787918,0.00018101649286123342,1296,0.00018740531025633579,True,0
MWG,SSB,0.10227792613995362,0.00022591015350029994,1296,0.00023342575547584808,True,0
CTG,NVL,0.09753148574476916,0.00043788481431881495,1296,0.0004515687147662779,True,0
SAB,SSB,0.09375208168564653,0.0007268036631735683,1296,0.0007480552322722107,True,0
ACB,NVL,0.09272867206047339,0.0008311290197869418,1296,0.000853766775189699,True,0
GAS,NVL,0.08871899326004795,0.0013881297353269752,1296,0.00142316990340319,True,0
PLX,SSB,0.08846178706926147,0.0014335836602319366,1296,0.0014669228151210512,True,0
NVL,SAB,0.08626336292384568,0.0018817974363785882,1296,0.0019218356797057923,True,0
BCM,PDR,0.0859605501593494,0.0019527355007657148,1296,0.0019904330973055935,True,1
BVH,NVL,0.08361903747495877,0.002589706078269426,1296,0.002634614276158491,True,0
HDB,NVL,0.0809783638509918,0.0035318925756644822,1296,0.003586229384520859,True,0
GAS,PDR,0.07846125055170744,0.004709836209846359,1296,0.004773116158922989,True,0
NVL,TPB,0.07812222205778732,0.0048931107209195775,1296,0.004949353372884171,True,0
PDR,SSB,0.0761403016017318,0.006099432765105239,1296,0.0061577447418270865,True,0
NVL,SHB,0.0705036419509204,0.01112201135624149,1296,0.011206912206289135,True,0
NVL,POW,0.06608960306367834,0.017334649626575906,1296,0.017433704767299198,True,0
NVL,VIB,0.050889647200788424,0.06703396549833342,1296,0.06728884749642594,False,0
NVL,SSB,0.004094087045898167,0.8829382230685345,1296,0.8829382230685345,False,0
BCM,NVL,-0.04304535098245671,0.12141652161665722,1296,0.12164691349828277,False,1
