ticker,sector,source_url,fetched_date
AAA,SX Nhựa - Hóa chất,vnstock Listing().symbols_by_industries() (ICB industry_name),2026-08-29
AAM,Chế biến Thủy sản,vnstock Listing().symbols_by_industries() (ICB industry_name),2026-08-29
AAN,Nông - Lâm - Ngư,vnstock Listing().symbols_by_industries() (ICB industry_name),2026-08-29
AAT,SX Hàng gia dụng,vnstock Listing().symbols_by_industries() (ICB industry_name),2026-08-29
ABR,Công nghệ và thông tin,vnstock Listing().symbols_by_industries() (ICB industry_name),2026-08-29
ABS,SX Nhựa - Hóa chất,vnstock Listing().symbols_by_industries() (ICB industry_name),2026-08-29
ABT,Chế biến Thủy sản,vnstock Listing().symbols_by_industries() (ICB industry_name),2026-08-29
ACB,Ngân hàng,vnstock Listing().symbols_by_industries() (ICB industry_name),2026-08-29
ACC,Vật liệu xây dựng,vnstock Listing().symbols_by_industries() (ICB industry_name),2026-08-29
ACG,SX Phụ trợ,vnstock Listing().symbols_by_industries() (ICB industry_name),2026-08-29
ACL,Chế biến Thủy sản,vnstock Listing().symbols_by_industries() (ICB industry_name),2026-08-29
ADC,Công nghệ và thông tin,vnstock Listing().symbols_by_industries() (ICB industry_name),2026-08-29
ADP,SX Nhựa - Hóa chất,vnstock Listing().symbols_by_industries() (ICB industry_name),2026-08-29
ADS,SX Hàng gia dụng,vnstock Listing().symbols_by_industries() (ICB industry_name),2026-08-29
AFX,Thực phẩm - Đồ uống,vnstock Listing().symbols_by_industries() (ICB industry_name),2026-08-29
AGG,Bất động sản,vnstock Listing().symbols_by_industries() (ICB industry_name),2026-08-29
AGR,Chứng khoán,vnstock Listing().symbols_by_industries() (ICB industry_name),2026-08-29
ALT,SX Nhựa - Hóa chất,vnstock Listing().symbols_by_industries() (ICB industry_name),2026-08-29
AMC,Khai khoáng,vnstock Listing().symbols_by_industries() (ICB industry_name),2026-08-29
AME,Xây dựng,vnstock Listing().symbols_by_industries() (ICB industry_name),2026-08-29
AMV,SX Phụ trợ,vnstock Listing().symbols_by_industries() (ICB industry_name),2026-08-29
ANT,Thực phẩm - Đồ uống,vnstock Listing().symbols_by_industries() (ICB industry_name),2026-08-29
ANV,Chế biến Thủy sản,vnstock Listing().symbols_by_industries() (ICB industry_name),2026-08-29
APG,Chứng khoán,vnstock Listing().symbols_by_industries() (ICB industry_name),2026-08-29
APH,SX Nhựa - Hóa chất,vnstock Listing().symbols_by_industries() (ICB industry_name),2026-08-29
API,Bất động sản,vnstock Listing().symbols_by_industries() (ICB industry_name),2026-08-29
APS,Chứng khoán,vnstock Listing().symbols_by_industries() (ICB industry_name),2026-08-29
ARM,Vận tải - kho bãi,vnstock Listing().symbols_by_industries() (ICB industry_name),2026-08-29
ASG,Vận tải - kho bãi,vnstock Listing().symbols_by_industries() (ICB industry_name),2026-08-29
ASM,Chế biến Thủy sản,vnstock Listing().symbols_by_industries() (ICB industry_name),2026-08-29
ASP,Tiện ích,vnstock Listing().symbols_by_industries() (ICB industry_name),2026-08-29
AST,Vận tải - kho bãi,vnstock Listing().symbols_by_industries() (ICB industry_name),2026-08-29
BAB,Ngân hàng,vnstock Listing().symbols_by_industries() (ICB industry_name),2026-08-29
BAF,Thực phẩm - Đồ uống,vnstock Listing().symbols_by_industries() (ICB industry_name),2026-08-29
BAX,Bất động sản,vnstock Listing().symbols_by_industries() (ICB industry_name),2026-08-29
BBS,SX Nhựa - Hóa chất,vnstock Listing().symbols_by_industries() (ICB industry_name),2026-08-29
BCC,Vật liệu xây dựng,vnstock Listing().symbols_by_industries() (ICB industry_name),2026-08-29
BCE,Bất động sản,vnstock Listing().symbols_by_industries() (ICB industry_name),2026-08-29
BCF,Thực phẩm - Đồ uống,vnstock Listing().symbols_by_industries() (ICB industry_name),2026-08-29
BCM,Bất động sản,vnstock Listing().symbols_by_industries() (ICB industry_name),2026-08-29
BED,Công nghệ và thông tin,vnstock Listing().symbols_by_industries() (ICB industry_name),2026-08-29
BFC,SX Nhựa - Hóa chất,vnstock Listing().symbols_by_industries() (ICB industry_name),2026-08-29
BHN,Thực phẩm - Đồ uống,vnstock Listing().symbols_by_industries() (ICB industry_name),2026-08-29
BIC,Bảo hiểm,vnstock Listing().symbols_by_industries() (ICB industry_name),2026-08-29
BID,Ngân hàng,vnstock Listing().symbols_by_industries() (ICB industry_name),2026-08-29
BKC,Khai khoáng,vnstock Listing().symbols_by_industries() (ICB industry_name),2026-08-29
BKG,SX Phụ trợ,vnstock Listing().symbols_by_industries() (ICB industry_name),2026-08-29
BMC,Khai khoáng,vnstock Listing().symbols_by_industries() (ICB industry_name),2026-08-29
BMI,Bảo hiểm,vnstock Listing().symbols_by_industries() (ICB industry_name),2026-08-29
BMP,SX Nhựa - Hóa chất,vnstock Listing().symbols_by_industries() (ICB industry_name),2026-08-29
BNA,Thực phẩm - Đồ uống,vnstock Listing().symbols_by_industries() (ICB industry_name),2026-08-29
BPC,SX Nhựa - Hóa chất,vnstock Listing().symbols_by_industries() (ICB industry_name),2026-08-29
BRC,Sản phẩm cao su,vnstock Listing().symbols_by_industries() (ICB industry_name),2026-08-29
BSI,Chứng khoán,vnstock Listing().symbols_by_industries() (ICB industry_name),2026-08-29
BSR,SX Phụ trợ,vnstock Listing().symbols_by_industries() (ICB industry_name),2026-08-29
BTP,Tiện ích,vnstock Listing().symbols_by_industries() (ICB industry_name),2026-08-29
BTS,Vật liệu xây dựng,vnstock Listing().symbols_by_industries() (ICB industry_name),2026-08-29
BTT,Bán lẻ,vnstock Listing().symbols_by_industries() (ICB industry_name),2026-08-29
BTW,Tiện ích,vnstock Listing().symbols_by_industries() (ICB industry_name),2026-08-29
BVB,Ngân hàng,vnstock Listing().symbols_by_industries() (ICB industry_name),2026-08-29
BVH,Bảo hiểm,vnstock Listing().symbols_by_industries() (ICB industry_name),2026-08-29
BVS,Chứng khoán,vnstock Listing().symbols_by_industries() (ICB industry_name),2026-08-29
BWE,Tiện ích,vnstock Listing().symbols_by_industries() (ICB industry_name),2026-08-29
BXH,SX Nhựa - Hóa chất,vnstock Listing().symbols_by_industries() (ICB industry_name),2026-08-29
C32,Khai khoáng,vnstock Listing().symbols_by_industries() (ICB industry_name),2026-08-29
C47,Xây dựng,vnstock Listing().symbols_by_industries() (ICB industry_name),2026-08-29
C69,Xây dựng,vnstock Listing().symbols_by_industries() (ICB industry_name),2026-08-29
CAG,Vận tải - kho bãi,vnstock Listing().symbols_by_industries() (ICB industry_name),2026-08-29
CAN,Chế biến Thủy sản,vnstock Listing().symbols_by_industries() (ICB industry_name),2026-08-29
CAP,SX Phụ trợ,vnstock Listing().symbols_by_industries() (ICB industry_name),2026-08-29
CCC,Xây dựng,vnstock Listing().symbols_by_industries() (ICB industry_name),2026-08-29
CCI,Bán lẻ,vnstock Listing().symbols_by_industries() (ICB industry_name),2026-08-29
CCL,Bất động sản,vnstock Listing().symbols_by_industries() (ICB industry_name),2026-08-29
CCR,Vận tải - kho bãi,vnstock Listing().symbols_by_industries() (ICB industry_name),2026-08-29
CDC,Bất động sản,vnstock Listing().symbols_by_industries() (ICB industry_name),2026-08-29
CDN,Vận tải - kho bãi,vnstock Listing().symbols_by_industries() (ICB industry_name),2026-08-29
CEO,Bất động sản,vnstock Listing().symbols_by_industries() (ICB industry_name),2026-08-29
CET,SX Phụ trợ,vnstock Listing().symbols_by_industries() (ICB industry_name),2026-08-29
CHP,Tiện ích,vnstock Listing().symbols_by_industries() (ICB industry_name),2026-08-29
CIA,Vận tải - kho bãi,vnstock Listing().symbols_by_industries() (ICB industry_name),2026-08-29
CIG,Bất động sản,vnstock Listing().symbols_by_industries() (ICB industry_name),2026-08-29
CII,Xây dựng,vnstock Listing().symbols_by_industries() (ICB industry_name),2026-08-29
CJC,"SX Thiết bị, máy móc",vnstock Listing().symbols_by_industries() (ICB industry_name),2026-08-29
CKG,Bất động sản,vnstock Listing().symbols_by_industries() (ICB industry_name),2026-08-29
CKV,Công nghệ và thông tin,vnstock Listing().symbols_by_industries() (ICB industry_name),2026-08-29
CLH,Vật liệu xây dựng,vnstock Listing().symbols_by_industries() (ICB industry_name),2026-08-29
CLL,Vận tải - kho bãi,vnstock Listing().symbols_by_industries() (ICB industry_name),2026-08-29
CLM,Khai khoáng,vnstock Listing().symbols_by_industries() (ICB industry_name),2026-08-29
CLW,Tiện ích,vnstock Listing().symbols_by_industries() (ICB industry_name),2026-08-29
CMC,Bán buôn,vnstock Listing().symbols_by_industries() (ICB industry_name),2026-08-29
CMG,Công nghệ và thông tin,vnstock Listing().symbols_by_industries() (ICB industry_name),2026-08-29
CMS,Xây dựng,vnstock Listing().symbols_by_industries() (ICB industry_name),2026-08-29
CMV,Bán lẻ,vnstock Listing().symbols_by_industries() (ICB industry_name),2026-08-29
CMX,Chế biến Thủy sản,vnstock Listing().symbols_by_industries() (ICB industry_name),2026-08-29
CNG,Tiện ích,vnstock Listing().symbols_by_industries() (ICB industry_name),2026-08-29
COM,Bán lẻ,vnstock Listing().symbols_by_industries() (ICB industry_name),2026-08-29
CPC,SX Nhựa - Hóa chất,vnstock Listing().symbols_by_industries() (ICB industry_name),2026-08-29
CRC,Vật liệu xây dựng,vnstock Listing().symbols_by_industries() (ICB industry_name),2026-08-29
CRE,Bất động sản,vnstock Listing().symbols_by_industries() (ICB industry_name),2026-08-29
CRV,Bất động sản,vnstock Listing().symbols_by_industries() (ICB industry_name),2026-08-29
CSC,Bất động sản,vnstock Listing().symbols_by_industries() (ICB industry_name),2026-08-29
CSM,Sản phẩm cao su,vnstock Listing().symbols_by_industries() (ICB industry_name),2026-08-29
CST,Khai khoáng,vnstock Listing().symbols_by_industries() (ICB industry_name),2026-08-29
CSV,SX Nhựa - Hóa chất,vnstock Listing().symbols_by_industries() (ICB industry_name),2026-08-29
CTB,"SX Thiết bị, máy móc",vnstock Listing().symbols_by_industries() (ICB industry_name),2026-08-29
CTD,Xây dựng,vnstock Listing().symbols_by_industries() (ICB industry_name),2026-08-29
CTF,Bán lẻ,vnstock Listing().symbols_by_industries() (ICB industry_name),2026-08-29
CTG,Ngân hàng,vnstock Listing().symbols_by_industries() (ICB industry_name),2026-08-29
CTI,Xây dựng,vnstock Listing().symbols_by_industries() (ICB industry_name),2026-08-29
CTP,Nông - Lâm - Ngư,vnstock Listing().symbols_by_industries() (ICB industry_name),2026-08-29
CTR,Công nghệ và thông tin,vnstock Listing().symbols_by_industries() (ICB industry_name),2026-08-29
CTS,Chứng khoán,vnstock Listing().symbols_by_industries() (ICB industry_name),2026-08-29
CTT,"SX Thiết bị, máy móc",vnstock Listing().symbols_by_industries() (ICB industry_name),2026-08-29
CVT,Vật liệu xây dựng,vnstock Listing().symbols_by_industries() (ICB industry_name),2026-08-29
CX8,Xây dựng,vnstock Listing().symbols_by_industries() (ICB industry_name),2026-08-29
D11,Bất động sản,vnstock Listing().symbols_by_industries() (ICB industry_name),2026-08-29
D2D,Bất động sản,vnstock Listing().symbols_by_industries() (ICB industry_name),2026-08-29
DAD,Công nghệ và thông tin,vnstock Listing().symbols_by_industries() (ICB industry_name),2026-08-29
DAE,Công nghệ và thông tin,vnstock Listing().symbols_by_industries() (ICB industry_name),2026-08-29
DAH,"Dịch vụ lưu trú, ăn uống, giải trí",vnstock Listing().symbols_by_industries() (ICB industry_name),2026-08-29
DAT,Chế biến Thủy sản,vnstock Listing().symbols_by_industries() (ICB industry_name),2026-08-29
DBC,Thực phẩm - Đồ uống,vnstock Listing().symbols_by_industries() (ICB industry_name),2026-08-29
DBD,Chăm sóc sức khỏe,vnstock Listing().symbols_by_industries() (ICB industry_name),2026-08-29
DBT,Chăm sóc sức khỏe,vnstock Listing().symbols_by_industries() (ICB industry_name),2026-08-29
DC2,Xây dựng,vnstock Listing().symbols_by_industries() (ICB industry_name),2026-08-29
DC4,Xây dựng,vnstock Listing().symbols_by_industries() (ICB industry_name),2026-08-29
DCL,Chăm sóc sức khỏe,vnstock Listing().symbols_by_industries() (ICB industry_name),2026-08-29
DCM,SX Nhựa - Hóa chất,vnstock Listing().symbols_by_industries() (ICB industry_name),2026-08-29
DGC,SX Nhựa - Hóa chất,vnstock Listing().symbols_by_industries() (ICB industry_name),2026-08-29
DGW,Bán buôn,vnstock Listing().symbols_by_industries() (ICB industry_name),2026-08-29
DHA,Khai khoáng,vnstock Listing().symbols_by_industries() (ICB industry_name),2026-08-29
DHC,SX Phụ trợ,vnstock Listing().symbols_by_industries() (ICB industry_name),2026-08-29
DHG,Chăm sóc sức khỏe,vnstock Listing().symbols_by_industries() (ICB industry_name),2026-08-29
DHM,Khai khoáng,vnstock Listing().symbols_by_industries() (ICB industry_name),2026-08-29
DHP,Thiết bị điện,vnstock Listing().symbols_by_industries() (ICB industry_name),2026-08-29
DHT,Chăm sóc sức khỏe,vnstock Listing().symbols_by_industries() (ICB industry_name),2026-08-29
DIG,Bất động sản,vnstock Listing().symbols_by_industries() (ICB industry_name),2026-08-29
DIH,Xây dựng,vnstock Listing().symbols_by_industries() (ICB industry_name),2026-08-29
DL1,Vận tải - kho bãi,vnstock Listing().symbols_by_industries() (ICB industry_name),2026-08-29
DLG,SX Phụ trợ,vnstock Listing().symbols_by_industries() (ICB industry_name),2026-08-29
DMC,Chăm sóc sức khỏe,vnstock Listing().symbols_by_industries() (ICB industry_name),2026-08-29
DMX,Bán lẻ,vnstock Listing().symbols_by_industries() (ICB industry_name),2026-08-29
DNC,Tiện ích,vnstock Listing().symbols_by_industries() (ICB industry_name),2026-08-29
DNP,SX Nhựa - Hóa chất,vnstock Listing().symbols_by_industries() (ICB industry_name),2026-08-29
DP3,Chăm sóc sức khỏe,vnstock Listing().symbols_by_industries() (ICB industry_name),2026-08-29
DPG,Xây dựng,vnstock Listing().symbols_by_industries() (ICB industry_name),2026-08-29
DPM,SX Nhựa - Hóa chất,vnstock Listing().symbols_by_industries() (ICB industry_name),2026-08-29
DPR,SX Nhựa - Hóa chất,vnstock Listing().symbols_by_industries() (ICB industry_name),2026-08-29
DQC,Thiết bị điện,vnstock Listing().symbols_by_industries() (ICB industry_name),2026-08-29
DRC,Sản phẩm cao su,vnstock Listing().symbols_by_industries() (ICB industry_name),2026-08-29
DRH,Bất động sản,vnstock Listing().symbols_by_industries() (ICB industry_name),2026-08-29
DRL,Tiện ích,vnstock Listing().symbols_by_industries() (ICB industry_name),2026-08-29
DS3,Vận tải - kho bãi,vnstock Listing().symbols_by_industries() (ICB industry_name),2026-08-29
DSC,Chứng khoán,vnstock Listing().symbols_by_industries() (ICB industry_name),2026-08-29
DSE,Chứng khoán,vnstock Listing().symbols_by_industries() (ICB industry_name),2026-08-29
DSN,"Dịch vụ lưu trú, ăn uống, giải trí",vnstock Listing().symbols_by_industries() (ICB industry_name),2026-08-29
DST,Công nghệ và thông tin,vnstock Listing().symbols_by_industries() (ICB industry_name),2026-08-29
DTA,Bất động sản,vnstock Listing().symbols_by_industries() (ICB industry_name),2026-08-29
DTD,Bất động sản,vnstock Listing().symbols_by_industries() (ICB industry_name),2026-08-29
DTG,Chăm sóc sức khỏe,vnstock Listing().symbols_by_industries() (ICB industry_name),2026-08-29
DTK,Tiện ích,vnstock Listing().symbols_by_industries() (ICB industry_name),2026-08-29
DTL,Vật liệu xây dựng,vnstock Listing().symbols_by_industries() (ICB industry_name),2026-08-29
DTT,SX Nhựa - Hóa chất,vnstock Listing().symbols_by_industries() (ICB industry_name),2026-08-29
DVM,Chăm sóc sức khỏe,vnstock Listing().symbols_by_industries() (ICB industry_name),2026-08-29
DVP,Vận tải - kho bãi,vnstock Listing().symbols_by_industries() (ICB industry_name),2026-08-29
DXG,Bất động sản,vnstock Listing().symbols_by_industries() (ICB industry_name),2026-08-29
DXP,Vận tải - kho bãi,vnstock Listing().symbols_by_industries() (ICB industry_name),2026-08-29
DXS,Bất động sản,vnstock Listing().symbols_by_industries() (ICB industry_name),2026-08-29
DXV,Vật liệu xây dựng,vnstock Listing().symbols_by_industries() (ICB industry_name),2026-08-29
EBS,Công nghệ và thông tin,vnstock Listing().symbols_by_industries() (ICB industry_name),2026-08-29
ECI,Công nghệ và thông tin,vnstock Listing().symbols_by_industries() (ICB industry_name),2026-08-29
EIB,Ngân hàng,vnstock Listing().symbols_by_industries() (ICB industry_name),2026-08-29
EID,Công nghệ và thông tin,vnstock Listing().symbols_by_industries() (ICB industry_name),2026-08-29
ELC,Công nghệ và thông tin,vnstock Listing().symbols_by_industries() (ICB industry_name),2026-08-29
EVE,SX Hàng gia dụng,vnstock Listing().symbols_by_industries() (ICB industry_name),2026-08-29
EVF,Ngân hàng,vnstock Listing().symbols_by_industries() (ICB industry_name),2026-08-29
EVG,Bất động sản,vnstock Listing().symbols_by_industries() (ICB industry_name),2026-08-29
EVS,Chứng khoán,vnstock Listing().symbols_by_industries() (ICB industry_name),2026-08-29
FCM,Vật liệu xây dựng,vnstock Listing().symbols_by_industries() (ICB industry_name),2026-08-29
FCN,Xây dựng,vnstock Listing().symbols_by_industries() (ICB industry_name),2026-08-29
FDC,Bất động sản,vnstock Listing().symbols_by_industries() (ICB industry_name),2026-08-29
FID,Bán buôn,vnstock Listing().symbols_by_industries() (ICB industry_name),2026-08-29
FIR,Bất động sản,vnstock Listing().symbols_by_industries() (ICB industry_name),2026-08-29
FIT,Chăm sóc sức khỏe,vnstock Listing().symbols_by_industries() (ICB industry_name),2026-08-29
FMC,Chế biến Thủy sản,vnstock Listing().symbols_by_industries() (ICB industry_name),2026-08-29
FPT,Công nghệ và thông tin,vnstock Listing().symbols_by_industries() (ICB industry_name),2026-08-29
FRT,Bán lẻ,vnstock Listing().symbols_by_industries() (ICB industry_name),2026-08-29
FTS,Chứng khoán,vnstock Listing().symbols_by_industries() (ICB industry_name),2026-08-29
GAS,Tiện ích,vnstock Listing().symbols_by_industries() (ICB industry_name),2026-08-29
GDT,SX Hàng gia dụng,vnstock Listing().symbols_by_industries() (ICB industry_name),2026-08-29
GDW,Tiện ích,vnstock Listing().symbols_by_industries() (ICB industry_name),2026-08-29
GEE,Thiết bị điện,vnstock Listing().symbols_by_industries() (ICB industry_name),2026-08-29
GEG,Tiện ích,vnstock Listing().symbols_by_industries() (ICB industry_name),2026-08-29
GEL,Bán buôn,vnstock Listing().symbols_by_industries() (ICB industry_name),2026-08-29
GEX,Thiết bị điện,vnstock Listing().symbols_by_industries() (ICB industry_name),2026-08-29
GHC,Tiện ích,vnstock Listing().symbols_by_industries() (ICB industry_name),2026-08-29
GIC,Vận tải - kho bãi,vnstock Listing().symbols_by_industries() (ICB industry_name),2026-08-29
GIL,SX Hàng gia dụng,vnstock Listing().symbols_by_industries() (ICB industry_name),2026-08-29
GKM,Vật liệu xây dựng,vnstock Listing().symbols_by_industries() (ICB industry_name),2026-08-29
GLT,Công nghệ và thông tin,vnstock Listing().symbols_by_industries() (ICB industry_name),2026-08-29
GMA,Bán lẻ,vnstock Listing().symbols_by_industries() (ICB industry_name),2026-08-29
GMD,Vận tải - kho bãi,vnstock Listing().symbols_by_industries() (ICB industry_name),2026-08-29
GMH,Vật liệu xây dựng,vnstock Listing().symbols_by_industries() (ICB industry_name),2026-08-29
GMX,Vật liệu xây dựng,vnstock Listing().symbols_by_industries() (ICB industry_name),2026-08-29
GSP,Vận tải - kho bãi,vnstock Listing().symbols_by_industries() (ICB industry_name),2026-08-29
GTA,SX Phụ trợ,vnstock Listing().symbols_by_industries() (ICB industry_name),2026-08-29
GVR,SX Nhựa - Hóa chất,vnstock Listing().symbols_by_industries() (ICB industry_name),2026-08-29
HAD,Thực phẩm - Đồ uống,vnstock Listing().symbols_by_industries() (ICB industry_name),2026-08-29
HAG,Nông - Lâm - Ngư,vnstock Listing().symbols_by_industries() (ICB industry_name),2026-08-29
HAH,Vận tải - kho bãi,vnstock Listing().symbols_by_industries() (ICB industry_name),2026-08-29
HAP,SX Phụ trợ,vnstock Listing().symbols_by_industries() (ICB industry_name),2026-08-29
HAR,Bất động sản,vnstock Listing().symbols_by_industries() (ICB industry_name),2026-08-29
HAS,Xây dựng,vnstock Listing().symbols_by_industries() (ICB industry_name),2026-08-29
HAT,Thực phẩm - Đồ uống,vnstock Listing().symbols_by_industries() (ICB industry_name),2026-08-29
HAX,Bán lẻ,vnstock Listing().symbols_by_industries() (ICB industry_name),2026-08-29
HBS,Chứng khoán,vnstock Listing().symbols_by_industries() (ICB industry_name),2026-08-29
HCC,Vật liệu xây dựng,vnstock Listing().symbols_by_industries() (ICB industry_name),2026-08-29
HCD,SX Nhựa - Hóa chất,vnstock Listing().symbols_by_industries() (ICB industry_name),2026-08-29
HCM,Chứng khoán,vnstock Listing().symbols_by_industries() (ICB industry_name),2026-08-29
HCT,Vận tải - kho bãi,vnstock Listing().symbols_by_industries() (ICB industry_name),2026-08-29
HDA,SX Nhựa - Hóa chất,vnstock Listing().symbols_by_industries() (ICB industry_name),2026-08-29
HDB,Ngân hàng,vnstock Listing().symbols_by_industries() (ICB industry_name),2026-08-29
HDC,Bất động sản,vnstock Listing().symbols_by_industries() (ICB industry_name),2026-08-29
HDG,Bất động sản,vnstock Listing().symbols_by_industries() (ICB industry_name),2026-08-29
HEV,Công nghệ và thông tin,vnstock Listing().symbols_by_industries() (ICB industry_name),2026-08-29
HGM,Khai khoáng,vnstock Listing().symbols_by_industries() (ICB industry_name),2026-08-29
HHC,Thực phẩm - Đồ uống,vnstock Listing().symbols_by_industries() (ICB industry_name),2026-08-29
HHP,SX Phụ trợ,vnstock Listing().symbols_by_industries() (ICB industry_name),2026-08-29
HHS,Bán buôn,vnstock Listing().symbols_by_industries() (ICB industry_name),2026-08-29
HHV,Xây dựng,vnstock Listing().symbols_by_industries() (ICB industry_name),2026-08-29
HID,Tiện ích,vnstock Listing().symbols_by_industries() (ICB industry_name),2026-08-29
HII,SX Nhựa - Hóa chất,vnstock Listing().symbols_by_industries() (ICB industry_name),2026-08-29
HJS,Tiện ích,vnstock Listing().symbols_by_industries() (ICB industry_name),2026-08-29
HKT,Nông - Lâm - Ngư,vnstock Listing().symbols_by_industries() (ICB industry_name),2026-08-29
HLC,Khai khoáng,vnstock Listing().symbols_by_industries() (ICB industry_name),2026-08-29
HLD,Bất động sản,vnstock Listing().symbols_by_industries() (ICB industry_name),2026-08-29
HMC,Bán buôn,vnstock Listing().symbols_by_industries() (ICB industry_name),2026-08-29
HMH,Vận tải - kho bãi,vnstock Listing().symbols_by_industries() (ICB industry_name),2026-08-29
HMR,Khai khoáng,vnstock Listing().symbols_by_industries() (ICB industry_name),2026-08-29
HNA,Tiện ích,vnstock Listing().symbols_by_industries() (ICB industry_name),2026-08-29
HOM,Vật liệu xây dựng,vnstock Listing().symbols_by_industries() (ICB industry_name),2026-08-29
HPA,Nông - Lâm - Ngư,vnstock Listing().symbols_by_industries() (ICB industry_name),2026-08-29
HPG,Vật liệu xây dựng,vnstock Listing().symbols_by_industries() (ICB industry_name),2026-08-29
HPX,Bất động sản,vnstock Listing().symbols_by_industries() (ICB industry_name),2026-08-29
HQC,Bất động sản,vnstock Listing().symbols_by_industries() (ICB industry_name),2026-08-29
HRC,SX Nhựa - Hóa chất,vnstock Listing().symbols_by_industries() (ICB industry_name),2026-08-29
HSG,Vật liệu xây dựng,vnstock Listing().symbols_by_industries() (ICB industry_name),2026-08-29
HSL,Nông - Lâm - Ngư,vnstock Listing().symbols_by_industries() (ICB industry_name),2026-08-29
HT1,Vật liệu xây dựng,vnstock Listing().symbols_by_industries() (ICB industry_name),2026-08-29
HTC,Bán lẻ,vnstock Listing().symbols_by_industries() (ICB industry_name),2026-08-29
HTG,SX Hàng gia dụng,vnstock Listing().symbols_by_industries() (ICB industry_name),2026-08-29
HTI,Xây dựng,vnstock Listing().symbols_by_industries() (ICB industry_name),2026-08-29
HTL,Bán buôn,vnstock Listing().symbols_by_industries() (ICB industry_name),2026-08-29
HTN,Xây dựng,vnstock Listing().symbols_by_industries() (ICB industry_name),2026-08-29
HTV,Vận tải - kho bãi,vnstock Listing().symbols_by_industries() (ICB industry_name),2026-08-29
HU1,Bất động sản,vnstock Listing().symbols_by_industries() (ICB industry_name),2026-08-29
HUB,Xây dựng,vnstock Listing().symbols_by_industries() (ICB industry_name),2026-08-29
HUT,Xây dựng,vnstock Listing().symbols_by_industries() (ICB industry_name),2026-08-29
HVH,Xây dựng,vnstock Listing().symbols_by_industries() (ICB industry_name),2026-08-29
HVN,Vận tải - kho bãi,vnstock Listing().symbols_by_industries() (ICB industry_name),2026-08-29
HVT,SX Nhựa - Hóa chất,vnstock Listing().symbols_by_industries() (ICB industry_name),2026-08-29
ICG,Bất động sản,vnstock Listing().symbols_by_industries() (ICB industry_name),2026-08-29
ICT,Công nghệ và thông tin,vnstock Listing().symbols_by_industries() (ICB industry_name),2026-08-29
IDC,Tiện ích,vnstock Listing().symbols_by_industries() (ICB industry_name),2026-08-29
IDI,Chế biến Thủy sản,vnstock Listing().symbols_by_industries() (ICB industry_name),2026-08-29
IDJ,Bất động sản,vnstock Listing().symbols_by_industries() (ICB industry_name),2026-08-29
IDV,Bất động sản,vnstock Listing().symbols_by_industries() (ICB industry_name),2026-08-29
IJC,Bất động sản,vnstock Listing().symbols_by_industries() (ICB industry_name),2026-08-29
ILB,Vận tải - kho bãi,vnstock Listing().symbols_by_industries() (ICB industry_name),2026-08-29
IMP,Chăm sóc sức khỏe,vnstock Listing().symbols_by_industries() (ICB industry_name),2026-08-29
INC,"Dịch vụ tư vấn, hỗ trợ",vnstock Listing().symbols_by_industries() (ICB industry_name),2026-08-29
INN,SX Phụ trợ,vnstock Listing().symbols_by_industries() (ICB industry_name),2026-08-29
IPA,Tài chính khác,vnstock Listing().symbols_by_industries() (ICB industry_name),2026-08-29
ITC,Bất động sản,vnstock Listing().symbols_by_industries() (ICB industry_name),2026-08-29
ITD,Công nghệ và thông tin,vnstock Listing().symbols_by_industries() (ICB industry_name),2026-08-29
ITQ,SX Phụ trợ,vnstock Listing().symbols_by_industries() (ICB industry_name),2026-08-29
IVS,Chứng khoán,vnstock Listing().symbols_by_industries() (ICB industry_name),2026-08-29
JVC,Bán buôn,vnstock Listing().symbols_by_industries() (ICB industry_name),2026-08-29
KBC,Bất động sản,vnstock Listing().symbols_by_industries() (ICB industry_name),2026-08-29
KDC,Thực phẩm - Đồ uống,vnstock Listing().symbols_by_industries() (ICB industry_name),2026-08-29
KDH,Bất động sản,vnstock Listing().symbols_by_industries() (ICB industry_name),2026-08-29
KDM,Bán buôn,vnstock Listing().symbols_by_industries() (ICB industry_name),2026-08-29
KHG,Bất động sản,vnstock Listing().symbols_by_industries() (ICB industry_name),2026-08-29
KHP,Tiện ích,vnstock Listing().symbols_by_industries() (ICB industry_name),2026-08-29
KHS,Chế biến Thủy sản,vnstock Listing().symbols_by_industries() (ICB industry_name),2026-08-29
KKC,Vật liệu xây dựng,vnstock Listing().symbols_by_industries() (ICB industry_name),2026-08-29
KLB,Ngân hàng,vnstock Listing().symbols_by_industries() (ICB industry_name),2026-08-29
KMR,SX Hàng gia dụng,vnstock Listing().symbols_by_industries() (ICB industry_name),2026-08-29
KMT,Bán buôn,vnstock Listing().symbols_by_industries() (ICB industry_name),2026-08-29
KOS,Bất động sản,vnstock Listing().symbols_by_industries() (ICB industry_name),2026-08-29
KSB,Khai khoáng,vnstock Listing().symbols_by_industries() (ICB industry_name),2026-08-29
KSD,Thiết bị điện,vnstock Listing().symbols_by_industries() (ICB industry_name),2026-08-29
KSF,Bất động sản,vnstock Listing().symbols_by_industries() (ICB industry_name),2026-08-29
KST,Công nghệ và thông tin,vnstock Listing().symbols_by_industries() (ICB industry_name),2026-08-29
KSV,Khai khoáng,vnstock Listing().symbols_by_industries() (ICB industry_name),2026-08-29
KTS,Thực phẩm - Đồ uống,vnstock Listing().symbols_by_industries() (ICB industry_name),2026-08-29
L10,Xây dựng,vnstock Listing().symbols_by_industries() (ICB industry_name),2026-08-29
L14,Bất động sản,vnstock Listing().symbols_by_industries() (ICB industry_name),2026-08-29
L18,Xây dựng,vnstock Listing().symbols_by_industries() (ICB industry_name),2026-08-29
L40,Xây dựng,vnstock Listing().symbols_by_industries() (ICB industry_name),2026-08-29
LAF,Thực phẩm - Đồ uống,vnstock Listing().symbols_by_industries() (ICB industry_name),2026-08-29
LAS,SX Nhựa - Hóa chất,vnstock Listing().symbols_by_industries() (ICB industry_name),2026-08-29
LBE,Công nghệ và thông tin,vnstock Listing().symbols_by_industries() (ICB industry_name),2026-08-29
LBM,Vật liệu xây dựng,vnstock Listing().symbols_by_industries() (ICB industry_name),2026-08-29
LCD,Xây dựng,vnstock Listing().symbols_by_industries() (ICB industry_name),2026-08-29
LCG,Xây dựng,vnstock Listing().symbols_by_industries() (ICB industry_name),2026-08-29
LDG,Bất động sản,vnstock Listing().symbols_by_industries() (ICB industry_name),2026-08-29
LDP,Chăm sóc sức khỏe,vnstock Listing().symbols_by_industries() (ICB industry_name),2026-08-29
LGC,Xây dựng,vnstock Listing().symbols_by_industries() (ICB industry_name),2026-08-29
LGL,Bất động sản,vnstock Listing().symbols_by_industries() (ICB industry_name),2026-08-29
LHC,Xây dựng,vnstock Listing().symbols_by_industries() (ICB industry_name),2026-08-29
LHG,Bất động sản,vnstock Listing().symbols_by_industries() (ICB industry_name),2026-08-29
LIG,Xây dựng,vnstock Listing().symbols_by_industries() (ICB industry_name),2026-08-29
LIX,SX Nhựa - Hóa chất,vnstock Listing().symbols_by_industries() (ICB industry_name),2026-08-29
LM8,Xây dựng,vnstock Listing().symbols_by_industries() (ICB industry_name),2026-08-29
LPB,Ngân hàng,vnstock Listing().symbols_by_industries() (ICB industry_name),2026-08-29
LPS,Chứng khoán,vnstock Listing().symbols_by_industries() (ICB industry_name),2026-08-29
LSS,Thực phẩm - Đồ uống,vnstock Listing().symbols_by_industries() (ICB industry_name),2026-08-29
MAC,Vận tải - kho bãi,vnstock Listing().symbols_by_industries() (ICB industry_name),2026-08-29
MAS,Vận tải - kho bãi,vnstock Listing().symbols_by_industries() (ICB industry_name),2026-08-29
MBB,Ngân hàng,vnstock Listing().symbols_by_industries() (ICB industry_name),2026-08-29
MBG,Thiết bị điện,vnstock Listing().symbols_by_industries() (ICB industry_name),2026-08-29
MBS,Chứng khoán,vnstock Listing().symbols_by_industries() (ICB industry_name),2026-08-29
MCC,Vật liệu xây dựng,vnstock Listing().symbols_by_industries() (ICB industry_name),2026-08-29
MCF,Bán buôn,vnstock Listing().symbols_by_industries() (ICB industry_name),2026-08-29
MCH,Thực phẩm - Đồ uống,vnstock Listing().symbols_by_industries() (ICB industry_name),2026-08-29
MCM,Thực phẩm - Đồ uống,vnstock Listing().symbols_by_industries() (ICB industry_name),2026-08-29
MCO,Xây dựng,vnstock Listing().symbols_by_industries() (ICB industry_name),2026-08-29
MCP,SX Phụ trợ,vnstock Listing().symbols_by_industries() (ICB industry_name),2026-08-29
MDC,Khai khoáng,vnstock Listing().symbols_by_industries() (ICB industry_name),2026-08-29
MDG,Khai khoáng,vnstock Listing().symbols_by_industries() (ICB industry_name),2026-08-29
MED,Chăm sóc sức khỏe,vnstock Listing().symbols_by_industries() (ICB industry_name),2026-08-29
MEL,Bán buôn,vnstock Listing().symbols_by_industries() (ICB industry_name),2026-08-29
MHC,Vận tải - kho bãi,vnstock Listing().symbols_by_industries() (ICB industry_name),2026-08-29
MIC,Khai khoáng,vnstock Listing().symbols_by_industries() (ICB industry_name),2026-08-29
MIG,Bảo hiểm,vnstock Listing().symbols_by_industries() (ICB industry_name),2026-08-29
MKV,Chăm sóc sức khỏe,vnstock Listing().symbols_by_industries() (ICB industry_name),2026-08-29
MSB,Ngân hàng,vnstock Listing().symbols_by_industries() (ICB industry_name),2026-08-29
MSH,SX Hàng gia dụng,vnstock Listing().symbols_by_industries() (ICB industry_name),2026-08-29
MSN,Thực phẩm - Đồ uống,vnstock Listing().symbols_by_industries() (ICB industry_name),2026-08-29
MST,Xây dựng,vnstock Listing().symbols_by_industries() (ICB industry_name),2026-08-29
MVB,Khai khoáng,vnstock Listing().symbols_by_industries() (ICB industry_name),2026-08-29
MWG,Bán lẻ,vnstock Listing().symbols_by_industries() (ICB industry_name),2026-08-29
MZG,SX Phụ trợ,vnstock Listing().symbols_by_industries() (ICB industry_name),2026-08-29
NAB,Ngân hàng,vnstock Listing().symbols_by_industries() (ICB industry_name),2026-08-29
NAF,Thực phẩm - Đồ uống,vnstock Listing().symbols_by_industries() (ICB industry_name),2026-08-29
NAG,"SX Thiết bị, máy móc",vnstock Listing().symbols_by_industries() (ICB industry_name),2026-08-29
NAP,Vận tải - kho bãi,vnstock Listing().symbols_by_industries() (ICB industry_name),2026-08-29
NAV,SX Hàng gia dụng,vnstock Listing().symbols_by_industries() (ICB industry_name),2026-08-29
NBB,Bất động sản,vnstock Listing().symbols_by_industries() (ICB industry_name),2026-08-29
NBC,Khai khoáng,vnstock Listing().symbols_by_industries() (ICB industry_name),2026-08-29
NBP,Tiện ích,vnstock Listing().symbols_by_industries() (ICB industry_name),2026-08-29
NBW,Tiện ích,vnstock Listing().symbols_by_industries() (ICB industry_name),2026-08-29
NCT,Vận tải - kho bãi,vnstock Listing().symbols_by_industries() (ICB industry_name),2026-08-29
NDN,Bất động sản,vnstock Listing().symbols_by_industries() (ICB industry_name),2026-08-29
NDX,Xây dựng,vnstock Listing().symbols_by_industries() (ICB industry_name),2026-08-29
NET,SX Nhựa - Hóa chất,vnstock Listing().symbols_by_industries() (ICB industry_name),2026-08-29
NFC,SX Nhựa - Hóa chất,vnstock Listing().symbols_by_industries() (ICB industry_name),2026-08-29
NHA,Bất động sản,vnstock Listing().symbols_by_industries() (ICB industry_name),2026-08-29
NHC,Vật liệu xây dựng,vnstock Listing().symbols_by_industries() (ICB industry_name),2026-08-29
NHH,"SX Thiết bị, máy móc",vnstock Listing().symbols_by_industries() (ICB industry_name),2026-08-29
NHT,SX Phụ trợ,vnstock Listing().symbols_by_industries() (ICB industry_name),2026-08-29
NKG,Vật liệu xây dựng,vnstock Listing().symbols_by_industries() (ICB industry_name),2026-08-29
NLG,Bất động sản,vnstock Listing().symbols_by_industries() (ICB industry_name),2026-08-29
NNC,Khai khoáng,vnstock Listing().symbols_by_industries() (ICB industry_name),2026-08-29
NO1,Bán buôn,vnstock Listing().symbols_by_industries() (ICB industry_name),2026-08-29
NRC,Bất động sản,vnstock Listing().symbols_by_industries() (ICB industry_name),2026-08-29
NSC,Nông - Lâm - Ngư,vnstock Listing().symbols_by_industries() (ICB industry_name),2026-08-29
NSH,Vật liệu xây dựng,vnstock Listing().symbols_by_industries() (ICB industry_name),2026-08-29
NT2,Tiện ích,vnstock Listing().symbols_by_industries() (ICB industry_name),2026-08-29
NTC,Bất động sản,vnstock Listing().symbols_by_industries() (ICB industry_name),2026-08-29
NTH,Tiện ích,vnstock Listing().symbols_by_industries() (ICB industry_name),2026-08-29
NTL,Bất động sản,vnstock Listing().symbols_by_industries() (ICB industry_name),2026-08-29
NTP,SX Nhựa - Hóa chất,vnstock Listing().symbols_by_industries() (ICB industry_name),2026-08-29
NVB,Ngân hàng,vnstock Listing().symbols_by_industries() (ICB industry_name),2026-08-29
NVL,Bất động sản,vnstock Listing().symbols_by_industries() (ICB industry_name),2026-08-29
NVT,"Dịch vụ lưu trú, ăn uống, giải trí",vnstock Listing().symbols_by_industries() (ICB industry_name),2026-08-29
OCB,Ngân hàng,vnstock Listing().symbols_by_industries() (ICB industry_name),2026-08-29
OCH,"Dịch vụ lưu trú, ăn uống, giải trí",vnstock Listing().symbols_by_industries() (ICB industry_name),2026-08-29
OGC,Tài chính khác,vnstock Listing().symbols_by_industries() (ICB industry_name),2026-08-29
ONE,Công nghệ và thông tin,vnstock Listing().symbols_by_industries() (ICB industry_name),2026-08-29
OPC,Chăm sóc sức khỏe,vnstock Listing().symbols_by_industries() (ICB industry_name),2026-08-29
ORS,Chứng khoán,vnstock Listing().symbols_by_industries() (ICB industry_name),2026-08-29
PAC,Thiết bị điện,vnstock Listing().symbols_by_industries() (ICB industry_name),2026-08-29
PAN,Thực phẩm - Đồ uống,vnstock Listing().symbols_by_industries() (ICB industry_name),2026-08-29
PBP,SX Nhựa - Hóa chất,vnstock Listing().symbols_by_industries() (ICB industry_name),2026-08-29
PC1,Xây dựng,vnstock Listing().symbols_by_industries() (ICB industry_name),2026-08-29
PCE,SX Nhựa - Hóa chất,vnstock Listing().symbols_by_industries() (ICB industry_name),2026-08-29
PCH,SX Nhựa - Hóa chất,vnstock Listing().symbols_by_industries() (ICB industry_name),2026-08-29
PCT,Bán buôn,vnstock Listing().symbols_by_industries() (ICB industry_name),2026-08-29
PDB,Vật liệu xây dựng,vnstock Listing().symbols_by_industries() (ICB industry_name),2026-08-29
PDN,Vận tải - kho bãi,vnstock Listing().symbols_by_industries() (ICB industry_name),2026-08-29
PDR,Bất động sản,vnstock Listing().symbols_by_industries() (ICB industry_name),2026-08-29
PDV,Vận tải - kho bãi,vnstock Listing().symbols_by_industries() (ICB industry_name),2026-08-29
PEN,Xây dựng,vnstock Listing().symbols_by_industries() (ICB industry_name),2026-08-29
PET,Bán buôn,vnstock Listing().symbols_by_industries() (ICB industry_name),2026-08-29
PGC,Tiện ích,vnstock Listing().symbols_by_industries() (ICB industry_name),2026-08-29
PGD,Tiện ích,vnstock Listing().symbols_by_industries() (ICB industry_name),2026-08-29
PGI,Bảo hiểm,vnstock Listing().symbols_by_industries() (ICB industry_name),2026-08-29
PGN,SX Nhựa - Hóa chất,vnstock Listing().symbols_by_industries() (ICB industry_name),2026-08-29
PGS,Tiện ích,vnstock Listing().symbols_by_industries() (ICB industry_name),2026-08-29
PGT,Vận tải - kho bãi,vnstock Listing().symbols_by_industries() (ICB industry_name),2026-08-29
PGV,Tiện ích,vnstock Listing().symbols_by_industries() (ICB industry_name),2026-08-29
PHC,Xây dựng,vnstock Listing().symbols_by_industries() (ICB industry_name),2026-08-29
PHN,Thiết bị điện,vnstock Listing().symbols_by_industries() (ICB industry_name),2026-08-29
PHR,SX Nhựa - Hóa chất,vnstock Listing().symbols_by_industries() (ICB industry_name),2026-08-29
PIA,Công nghệ và thông tin,vnstock Listing().symbols_by_industries() (ICB industry_name),2026-08-29
PIC,Tiện ích,vnstock Listing().symbols_by_industries() (ICB industry_name),2026-08-29
PIT,Bán buôn,vnstock Listing().symbols_by_industries() (ICB industry_name),2026-08-29
PJC,Vận tải - kho bãi,vnstock Listing().symbols_by_industries() (ICB industry_name),2026-08-29
PJT,Vận tải - kho bãi,vnstock Listing().symbols_by_industries() (ICB industry_name),2026-08-29
PLC,SX Phụ trợ,vnstock Listing().symbols_by_industries() (ICB industry_name),2026-08-29
PLP,SX Nhựa - Hóa chất,vnstock Listing().symbols_by_industries() (ICB industry_name),2026-08-29
PLX,Bán buôn,vnstock Listing().symbols_by_industries() (ICB industry_name),2026-08-29
PMB,SX Nhựa - Hóa chất,vnstock Listing().symbols_by_industries() (ICB industry_name),2026-08-29
PMC,Chăm sóc sức khỏe,vnstock Listing().symbols_by_industries() (ICB industry_name),2026-08-29
PMG,Bán buôn,vnstock Listing().symbols_by_industries() (ICB industry_name),2026-08-29
PMP,SX Nhựa - Hóa chất,vnstock Listing().symbols_by_industries() (ICB industry_name),2026-08-29
PMS,SX Phụ trợ,vnstock Listing().symbols_by_industries() (ICB industry_name),2026-08-29
PNC,Bán lẻ,vnstock Listing().symbols_by_industries() (ICB industry_name),2026-08-29
PNJ,Bán lẻ,vnstock Listing().symbols_by_industries() (ICB industry_name),2026-08-29
POT,Thiết bị điện,vnstock Listing().symbols_by_industries() (ICB industry_name),2026-08-29
POW,Tiện ích,vnstock Listing().symbols_by_industries() (ICB industry_name),2026-08-29
PPC,Tiện ích,vnstock Listing().symbols_by_industries() (ICB industry_name),2026-08-29
PPE,"Dịch vụ tư vấn, hỗ trợ",vnstock Listing().symbols_by_industries() (ICB industry_name),2026-08-29
PPP,Chăm sóc sức khỏe,vnstock Listing().symbols_by_industries() (ICB industry_name),2026-08-29
PPS,Xây dựng,vnstock Listing().symbols_by_industries() (ICB industry_name),2026-08-29
PPT,Bán buôn,vnstock Listing().symbols_by_industries() (ICB industry_name),2026-08-29
PPY,Bán buôn,vnstock Listing().symbols_by_industries() (ICB industry_name),2026-08-29
PRC,Vận tải - kho bãi,vnstock Listing().symbols_by_industries() (ICB industry_name),2026-08-29
PRE,Bảo hiểm,vnstock Listing().symbols_by_industries() (ICB industry_name),2026-08-29
PSC,Bán buôn,vnstock Listing().symbols_by_industries() (ICB industry_name),2026-08-29
PSD,Bán buôn,vnstock Listing().symbols_by_industries() (ICB industry_name),2026-08-29
PSE,Bán buôn,vnstock Listing().symbols_by_industries() (ICB industry_name),2026-08-29
PSI,Chứng khoán,vnstock Listing().symbols_by_industries() (ICB industry_name),2026-08-29
PSW,SX Nhựa - Hóa chất,vnstock Listing().symbols_by_industries() (ICB industry_name),2026-08-29
PTB,SX Phụ trợ,vnstock Listing().symbols_by_industries() (ICB industry_name),2026-08-29
PTC,Xây dựng,vnstock Listing().symbols_by_industries() (ICB industry_name),2026-08-29
PTD,Xây dựng,vnstock Listing().symbols_by_industries() (ICB industry_name),2026-08-29
PTI,Bảo hiểm,vnstock Listing().symbols_by_industries() (ICB industry_name),2026-08-29
PTL,Bất động sản,vnstock Listing().symbols_by_industries() (ICB industry_name),2026-08-29
PTS,Vận tải - kho bãi,vnstock Listing().symbols_by_industries() (ICB industry_name),2026-08-29
PTX,Bán buôn,vnstock Listing().symbols_by_industries() (ICB industry_name),2026-08-29
PV2,Bất động sản,vnstock Listing().symbols_by_industries() (ICB industry_name),2026-08-29
PVB,Khai khoáng,vnstock Listing().symbols_by_industries() (ICB industry_name),2026-08-29
PVC,Khai khoáng,vnstock Listing().symbols_by_industries() (ICB industry_name),2026-08-29
PVD,Khai khoáng,vnstock Listing().symbols_by_industries() (ICB industry_name),2026-08-29
PVG,Tiện ích,vnstock Listing().symbols_by_industries() (ICB industry_name),2026-08-29
PVI,Bảo hiểm,vnstock Listing().symbols_by_industries() (ICB industry_name),2026-08-29
PVP,Vận tải - kho bãi,vnstock Listing().symbols_by_industries() (ICB industry_name),2026-08-29
PVS,Khai khoáng,vnstock Listing().symbols_by_industries() (ICB industry_name),2026-08-29
PVT,Vận tải - kho bãi,vnstock Listing().symbols_by_industries() (ICB industry_name),2026-08-29
QCG,Bất động sản,vnstock Listing().symbols_by_industries() (ICB industry_name),2026-08-29
QHD,"SX Thiết bị, máy móc",vnstock Listing().symbols_by_industries() (ICB industry_name),2026-08-29
QNP,Vận tải - kho bãi,vnstock Listing().symbols_by_industries() (ICB industry_name),2026-08-29
QST,Công nghệ và thông tin,vnstock Listing().symbols_by_industries() (ICB industry_name),2026-08-29
QTC,Xây dựng,vnstock Listing().symbols_by_industries() (ICB industry_name),2026-08-29
RAL,Thiết bị điện,vnstock Listing().symbols_by_industries() (ICB industry_name),2026-08-29
RCL,Bất động sản,vnstock Listing().symbols_by_industries() (ICB industry_name),2026-08-29
REE,Xây dựng,vnstock Listing().symbols_by_industries() (ICB industry_name),2026-08-29
RYG,SX Hàng gia dụng,vnstock Listing().symbols_by_industries() (ICB industry_name),2026-08-29
S4A,Tiện ích,vnstock Listing().symbols_by_industries() (ICB industry_name),2026-08-29
S55,Xây dựng,vnstock Listing().symbols_by_industries() (ICB industry_name),2026-08-29
S99,Xây dựng,vnstock Listing().symbols_by_industries() (ICB industry_name),2026-08-29
SAB,Thực phẩm - Đồ uống,vnstock Listing().symbols_by_industries() (ICB industry_name),2026-08-29
SAF,Thực phẩm - Đồ uống,vnstock Listing().symbols_by_industries() (ICB industry_name),2026-08-29
SAM,Thiết bị điện,vnstock Listing().symbols_by_industries() (ICB industry_name),2026-08-29
SAV,SX Hàng gia dụng,vnstock Listing().symbols_by_industries() (ICB industry_name),2026-08-29
SBA,Tiện ích,vnstock Listing().symbols_by_industries() (ICB industry_name),2026-08-29
SBG,"SX Thiết bị, máy móc",vnstock Listing().symbols_by_industries() (ICB industry_name),2026-08-29
SBT,Thực phẩm - Đồ uống,vnstock Listing().symbols_by_industries() (ICB industry_name),2026-08-29
SBV,SX Phụ trợ,vnstock Listing().symbols_by_industries() (ICB industry_name),2026-08-29
SC5,Xây dựng,vnstock Listing().symbols_by_industries() (ICB industry_name),2026-08-29
SCG,Xây dựng,vnstock Listing().symbols_by_industries() (ICB industry_name),2026-08-29
SCI,Xây dựng,vnstock Listing().symbols_by_industries() (ICB industry_name),2026-08-29
SCR,Bất động sản,vnstock Listing().symbols_by_industries() (ICB industry_name),2026-08-29
SCS,Vận tải - kho bãi,vnstock Listing().symbols_by_industries() (ICB industry_name),2026-08-29
SD5,Xây dựng,vnstock Listing().symbols_by_industries() (ICB industry_name),2026-08-29
SD9,Xây dựng,vnstock Listing().symbols_by_industries() (ICB industry_name),2026-08-29
SDC,"Dịch vụ tư vấn, hỗ trợ",vnstock Listing().symbols_by_industries() (ICB industry_name),2026-08-29
SDG,SX Nhựa - Hóa chất,vnstock Listing().symbols_by_industries() (ICB industry_name),2026-08-29
SDN,SX Nhựa - Hóa chất,vnstock Listing().symbols_by_industries() (ICB industry_name),2026-08-29
SDU,Bất động sản,vnstock Listing().symbols_by_industries() (ICB industry_name),2026-08-29
SEB,Tiện ích,vnstock Listing().symbols_by_industries() (ICB industry_name),2026-08-29
SED,Công nghệ và thông tin,vnstock Listing().symbols_by_industries() (ICB industry_name),2026-08-29
SFC,Bán lẻ,vnstock Listing().symbols_by_industries() (ICB industry_name),2026-08-29
SFG,SX Nhựa - Hóa chất,vnstock Listing().symbols_by_industries() (ICB industry_name),2026-08-29
SFI,Vận tải - kho bãi,vnstock Listing().symbols_by_industries() (ICB industry_name),2026-08-29
SFN,SX Nhựa - Hóa chất,vnstock Listing().symbols_by_industries() (ICB industry_name),2026-08-29
SGC,Thực phẩm - Đồ uống,vnstock Listing().symbols_by_industries() (ICB industry_name),2026-08-29
SGD,Công nghệ và thông tin,vnstock Listing().symbols_by_industries() (ICB industry_name),2026-08-29
SGH,"Dịch vụ lưu trú, ăn uống, giải trí",vnstock Listing().symbols_by_industries() (ICB industry_name),2026-08-29
SGN,Vận tải - kho bãi,vnstock Listing().symbols_by_industries() (ICB industry_name),2026-08-29
SGR,Bất động sản,vnstock Listing().symbols_by_industries() (ICB industry_name),2026-08-29
SGT,Công nghệ và thông tin,vnstock Listing().symbols_by_industries() (ICB industry_name),2026-08-29
SHA,SX Hàng gia dụng,vnstock Listing().symbols_by_industries() (ICB industry_name),2026-08-29
SHB,Ngân hàng,vnstock Listing().symbols_by_industries() (ICB industry_name),2026-08-29
SHE,"SX Thiết bị, máy móc",vnstock Listing().symbols_by_industries() (ICB industry_name),2026-08-29
SHI,SX Phụ trợ,vnstock Listing().symbols_by_industries() (ICB industry_name),2026-08-29
SHN,Bán buôn,vnstock Listing().symbols_by_industries() (ICB industry_name),2026-08-29
SHP,Tiện ích,vnstock Listing().symbols_by_industries() (ICB industry_name),2026-08-29
SHS,Chứng khoán,vnstock Listing().symbols_by_industries() (ICB industry_name),2026-08-29
SIP,Tiện ích,vnstock Listing().symbols_by_industries() (ICB industry_name),2026-08-29
SJ1,Chế biến Thủy sản,vnstock Listing().symbols_by_industries() (ICB industry_name),2026-08-29
SJD,Tiện ích,vnstock Listing().symbols_by_industries() (ICB industry_name),2026-08-29
SJE,Xây dựng,vnstock Listing().symbols_by_industries() (ICB industry_name),2026-08-29
SJS,Bất động sản,vnstock Listing().symbols_by_industries() (ICB industry_name),2026-08-29
SKG,Vận tải - kho bãi,vnstock Listing().symbols_by_industries() (ICB industry_name),2026-08-29
SLS,Thực phẩm - Đồ uống,vnstock Listing().symbols_by_industries() (ICB industry_name),2026-08-29
SMA,Bán buôn,vnstock Listing().symbols_by_industries() (ICB industry_name),2026-08-29
SMB,Thực phẩm - Đồ uống,vnstock Listing().symbols_by_industries() (ICB industry_name),2026-08-29
SMC,Bán buôn,vnstock Listing().symbols_by_industries() (ICB industry_name),2026-08-29
SMN,Công nghệ và thông tin,vnstock Listing().symbols_by_industries() (ICB industry_name),2026-08-29
SMT,SX Phụ trợ,vnstock Listing().symbols_by_industries() (ICB industry_name),2026-08-29
SPC,SX Nhựa - Hóa chất,vnstock Listing().symbols_by_industries() (ICB industry_name),2026-08-29
SPM,Chăm sóc sức khỏe,vnstock Listing().symbols_by_industries() (ICB industry_name),2026-08-29
SRA,Bán buôn,vnstock Listing().symbols_by_industries() (ICB industry_name),2026-08-29
SRC,Sản phẩm cao su,vnstock Listing().symbols_by_industries() (ICB industry_name),2026-08-29
SRF,Xây dựng,vnstock Listing().symbols_by_industries() (ICB industry_name),2026-08-29
SSB,Ngân hàng,vnstock Listing().symbols_by_industries() (ICB industry_name),2026-08-29
SSC,Nông - Lâm - Ngư,vnstock Listing().symbols_by_industries() (ICB industry_name),2026-08-29
SSI,Chứng khoán,vnstock Listing().symbols_by_industries() (ICB industry_name),2026-08-29
SSM,SX Phụ trợ,vnstock Listing().symbols_by_industries() (ICB industry_name),2026-08-29
ST8,Bán buôn,vnstock Listing().symbols_by_industries() (ICB industry_name),2026-08-29
STB,Ngân hàng,vnstock Listing().symbols_by_industries() (ICB industry_name),2026-08-29
STC,Công nghệ và thông tin,vnstock Listing().symbols_by_industries() (ICB industry_name),2026-08-29
STG,Vận tải - kho bãi,vnstock Listing().symbols_by_industries() (ICB industry_name),2026-08-29
STK,SX Hàng gia dụng,vnstock Listing().symbols_by_industries() (ICB industry_name),2026-08-29
STP,SX Nhựa - Hóa chất,vnstock Listing().symbols_by_industries() (ICB industry_name),2026-08-29
SVC,Bán lẻ,vnstock Listing().symbols_by_industries() (ICB industry_name),2026-08-29
SVD,SX Hàng gia dụng,vnstock Listing().symbols_by_industries() (ICB industry_name),2026-08-29
SVN,Nông - Lâm - Ngư,vnstock Listing().symbols_by_industries() (ICB industry_name),2026-08-29
SVT,SX Phụ trợ,vnstock Listing().symbols_by_industries() (ICB industry_name),2026-08-29
SZB,Bất động sản,vnstock Listing().symbols_by_industries() (ICB industry_name),2026-08-29
SZC,Bất động sản,vnstock Listing().symbols_by_industries() (ICB industry_name),2026-08-29
SZL,Bất động sản,vnstock Listing().symbols_by_industries() (ICB industry_name),2026-08-29
TA9,Xây dựng,vnstock Listing().symbols_by_industries() (ICB industry_name),2026-08-29
TAL,Bất động sản,vnstock Listing().symbols_by_industries() (ICB industry_name),2026-08-29
TBC,Tiện ích,vnstock Listing().symbols_by_industries() (ICB industry_name),2026-08-29
TCB,Ngân hàng,vnstock Listing().symbols_by_industries() (ICB industry_name),2026-08-29
TCH,Bất động sản,vnstock Listing().symbols_by_industries() (ICB industry_name),2026-08-29
TCI,Chứng khoán,vnstock Listing().symbols_by_industries() (ICB industry_name),2026-08-29
TCL,Vận tải - kho bãi,vnstock Listing().symbols_by_industries() (ICB industry_name),2026-08-29
TCM,SX Hàng gia dụng,vnstock Listing().symbols_by_industries() (ICB industry_name),2026-08-29
TCO,Vận tải - kho bãi,vnstock Listing().symbols_by_industries() (ICB industry_name),2026-08-29
TCR,Vật liệu xây dựng,vnstock Listing().symbols_by_industries() (ICB industry_name),2026-08-29
TCT,Vận tải - kho bãi,vnstock Listing().symbols_by_industries() (ICB industry_name),2026-08-29
TCX,Chứng khoán,vnstock Listing().symbols_by_industries() (ICB industry_name),2026-08-29
TD6,Khai khoáng,vnstock Listing().symbols_by_industries() (ICB industry_name),2026-08-29
TDC,Bất động sản,vnstock Listing().symbols_by_industries() (ICB industry_name),2026-08-29
TDG,Bán buôn,vnstock Listing().symbols_by_industries() (ICB industry_name),2026-08-29
TDH,Bất động sản,vnstock Listing().symbols_by_industries() (ICB industry_name),2026-08-29
TDM,Tiện ích,vnstock Listing().symbols_by_industries() (ICB industry_name),2026-08-29
TDP,SX Nhựa - Hóa chất,vnstock Listing().symbols_by_industries() (ICB industry_name),2026-08-29
TDT,SX Hàng gia dụng,vnstock Listing().symbols_by_industries() (ICB industry_name),2026-08-29
TDW,Tiện ích,vnstock Listing().symbols_by_industries() (ICB industry_name),2026-08-29
TEG,Vật liệu xây dựng,vnstock Listing().symbols_by_industries() (ICB industry_name),2026-08-29
TET,SX Hàng gia dụng,vnstock Listing().symbols_by_industries() (ICB industry_name),2026-08-29
TFC,Chế biến Thủy sản,vnstock Listing().symbols_by_industries() (ICB industry_name),2026-08-29
THB,Thực phẩm - Đồ uống,vnstock Listing().symbols_by_industries() (ICB industry_name),2026-08-29
THD,Xây dựng,vnstock Listing().symbols_by_industries() (ICB industry_name),2026-08-29
THG,Vật liệu xây dựng,vnstock Listing().symbols_by_industries() (ICB industry_name),2026-08-29
THS,Bán buôn,vnstock Listing().symbols_by_industries() (ICB industry_name),2026-08-29
THT,Khai khoáng,vnstock Listing().symbols_by_industries() (ICB industry_name),2026-08-29
TIG,Bất động sản,vnstock Listing().symbols_by_industries() (ICB industry_name),2026-08-29
TIP,Bất động sản,vnstock Listing().symbols_by_industries() (ICB industry_name),2026-08-29
TIX,Bất động sản,vnstock Listing().symbols_by_industries() (ICB industry_name),2026-08-29
TJC,Vận tải - kho bãi,vnstock Listing().symbols_by_industries() (ICB industry_name),2026-08-29
TKU,Vật liệu xây dựng,vnstock Listing().symbols_by_industries() (ICB industry_name),2026-08-29
TLD,SX Phụ trợ,vnstock Listing().symbols_by_industries() (ICB industry_name),2026-08-29
TLG,SX Phụ trợ,vnstock Listing().symbols_by_industries() (ICB industry_name),2026-08-29
TLH,Bán buôn,vnstock Listing().symbols_by_industries() (ICB industry_name),2026-08-29
TMB,Khai khoáng,vnstock Listing().symbols_by_industries() (ICB industry_name),2026-08-29
TMC,Bán lẻ,vnstock Listing().symbols_by_industries() (ICB industry_name),2026-08-29
TMP,Tiện ích,vnstock Listing().symbols_by_industries() (ICB industry_name),2026-08-29
TMS,Vận tải - kho bãi,vnstock Listing().symbols_by_industries() (ICB industry_name),2026-08-29
TMT,SX Phụ trợ,vnstock Listing().symbols_by_industries() (ICB industry_name),2026-08-29
TMX,Vật liệu xây dựng,vnstock Listing().symbols_by_industries() (ICB industry_name),2026-08-29
TN1,Bất động sản,vnstock Listing().symbols_by_industries() (ICB industry_name),2026-08-29
TNC,SX Nhựa - Hóa chất,vnstock Listing().symbols_by_industries() (ICB industry_name),2026-08-29
TNG,SX Hàng gia dụng,vnstock Listing().symbols_by_industries() (ICB industry_name),2026-08-29
TNH,Chăm sóc sức khỏe,vnstock Listing().symbols_by_industries() (ICB industry_name),2026-08-29
TNI,Bán buôn,vnstock Listing().symbols_by_industries() (ICB industry_name),2026-08-29
TNT,Khai khoáng,vnstock Listing().symbols_by_industries() (ICB industry_name),2026-08-29
TOT,Vận tải - kho bãi,vnstock Listing().symbols_by_industries() (ICB industry_name),2026-08-29
TPB,Ngân hàng,vnstock Listing().symbols_by_industries() (ICB industry_name),2026-08-29
TPC,SX Nhựa - Hóa chất,vnstock Listing().symbols_by_industries() (ICB industry_name),2026-08-29
TPP,SX Nhựa - Hóa chất,vnstock Listing().symbols_by_industries() (ICB industry_name),2026-08-29
TRA,Chăm sóc sức khỏe,vnstock Listing().symbols_by_industries() (ICB industry_name),2026-08-29
TRC,SX Nhựa - Hóa chất,vnstock Listing().symbols_by_industries() (ICB industry_name),2026-08-29
TSA,Xây dựng,vnstock Listing().symbols_by_industries() (ICB industry_name),2026-08-29
TSB,Thiết bị điện,vnstock Listing().symbols_by_industries() (ICB industry_name),2026-08-29
TSC,Bán buôn,vnstock Listing().symbols_by_industries() (ICB industry_name),2026-08-29
TTA,Tiện ích,vnstock Listing().symbols_by_industries() (ICB industry_name),2026-08-29
TTC,Vật liệu xây dựng,vnstock Listing().symbols_by_industries() (ICB industry_name),2026-08-29
TTE,Tiện ích,vnstock Listing().symbols_by_industries() (ICB industry_name),2026-08-29
TTF,SX Hàng gia dụng,vnstock Listing().symbols_by_industries() (ICB industry_name),2026-08-29
TTH,Bán buôn,vnstock Listing().symbols_by_industries() (ICB industry_name),2026-08-29
TTL,Xây dựng,vnstock Listing().symbols_by_industries() (ICB industry_name),2026-08-29
TTT,"Dịch vụ lưu trú, ăn uống, giải trí",vnstock Listing().symbols_by_industries() (ICB industry_name),2026-08-29
TV2,"Dịch vụ tư vấn, hỗ trợ",vnstock Listing().symbols_by_industries() (ICB industry_name),2026-08-29
TV3,"Dịch vụ tư vấn, hỗ trợ",vnstock Listing().symbols_by_industries() (ICB industry_name),2026-08-29
TV4,"Dịch vụ tư vấn, hỗ trợ",vnstock Listing().symbols_by_industries() (ICB industry_name),2026-08-29
TVB,Chứng khoán,vnstock Listing().symbols_by_industries() (ICB industry_name),2026-08-29
TVC,Tài chính khác,vnstock Listing().symbols_by_industries() (ICB industry_name),2026-08-29
TVD,Khai khoáng,vnstock Listing().symbols_by_industries() (ICB industry_name),2026-08-29
TVS,Chứng khoán,vnstock Listing().symbols_by_industries() (ICB industry_name),2026-08-29
TVT,SX Hàng gia dụng,vnstock Listing().symbols_by_industries() (ICB industry_name),2026-08-29
TXM,Vật liệu xây dựng,vnstock Listing().symbols_by_industries() (ICB industry_name),2026-08-29
TYA,Thiết bị điện,vnstock Listing().symbols_by_industries() (ICB industry_name),2026-08-29
UIC,Tiện ích,vnstock Listing().symbols_by_industries() (ICB industry_name),2026-08-29
UNI,Bán buôn,vnstock Listing().symbols_by_industries() (ICB industry_name),2026-08-29
V12,Xây dựng,vnstock Listing().symbols_by_industries() (ICB industry_name),2026-08-29
V21,Bất động sản,vnstock Listing().symbols_by_industries() (ICB industry_name),2026-08-29
VAB,Ngân hàng,vnstock Listing().symbols_by_industries() (ICB industry_name),2026-08-29
VBB,Ngân hàng,vnstock Listing().symbols_by_industries() (ICB industry_name),2026-08-29
VBC,SX Nhựa - Hóa chất,vnstock Listing().symbols_by_industries() (ICB industry_name),2026-08-29
VC1,Xây dựng,vnstock Listing().symbols_by_industries() (ICB industry_name),2026-08-29
VC2,Xây dựng,vnstock Listing().symbols_by_industries() (ICB industry_name),2026-08-29
VC3,Bất động sản,vnstock Listing().symbols_by_industries() (ICB industry_name),2026-08-29
VC6,Xây dựng,vnstock Listing().symbols_by_industries() (ICB industry_name),2026-08-29
VC7,Bất động sản,vnstock Listing().symbols_by_industries() (ICB industry_name),2026-08-29
VC9,Xây dựng,vnstock Listing().symbols_by_industries() (ICB industry_name),2026-08-29
VCA,Vật liệu xây dựng,vnstock Listing().symbols_by_industries() (ICB industry_name),2026-08-29
VCB,Ngân hàng,vnstock Listing().symbols_by_industries() (ICB industry_name),2026-08-29
VCC,Xây dựng,vnstock Listing().symbols_by_industries() (ICB industry_name),2026-08-29
VCF,Thực phẩm - Đồ uống,vnstock Listing().symbols_by_industries() (ICB industry_name),2026-08-29
VCG,Xây dựng,vnstock Listing().symbols_by_industries() (ICB industry_name),2026-08-29
VCI,Chứng khoán,vnstock Listing().symbols_by_industries() (ICB industry_name),2026-08-29
VCK,Chứng khoán,vnstock Listing().symbols_by_industries() (ICB industry_name),2026-08-29
VCM,Bán buôn,vnstock Listing().symbols_by_industries() (ICB industry_name),2026-08-29
VCS,Vật liệu xây dựng,vnstock Listing().symbols_by_industries() (ICB industry_name),2026-08-29
VDL,Thực phẩm - Đồ uống,vnstock Listing().symbols_by_industries() (ICB industry_name),2026-08-29
VDP,Chăm sóc sức khỏe,vnstock Listing().symbols_by_industries() (ICB industry_name),2026-08-29
VDS,Chứng khoán,vnstock Listing().symbols_by_industries() (ICB industry_name),2026-08-29
VE1,Xây dựng,vnstock Listing().symbols_by_industries() (ICB industry_name),2026-08-29
VE3,Xây dựng,vnstock Listing().symbols_by_industries() (ICB industry_name),2026-08-29
VE4,Xây dựng,vnstock Listing().symbols_by_industries() (ICB industry_name),2026-08-29
VFG,Bán buôn,vnstock Listing().symbols_by_industries() (ICB industry_name),2026-08-29
VFS,Chứng khoán,vnstock Listing().symbols_by_industries() (ICB industry_name),2026-08-29
VGC,Vật liệu xây dựng,vnstock Listing().symbols_by_industries() (ICB industry_name),2026-08-29
VGP,Vận tải - kho bãi,vnstock Listing().symbols_by_industries() (ICB industry_name),2026-08-29
VGS,Vật liệu xây dựng,vnstock Listing().symbols_by_industries() (ICB industry_name),2026-08-29
VHC,Chế biến Thủy sản,vnstock Listing().symbols_by_industries() (ICB industry_name),2026-08-29
VHE,Thực phẩm - Đồ uống,vnstock Listing().symbols_by_industries() (ICB industry_name),2026-08-29
VHL,Vật liệu xây dựng,vnstock Listing().symbols_by_industries() (ICB industry_name),2026-08-29
VHM,Bất động sản,vnstock Listing().symbols_by_industries() (ICB industry_name),2026-08-29
VIB,Ngân hàng,vnstock Listing().symbols_by_industries() (ICB industry_name),2026-08-29
VIC,Bất động sản,vnstock Listing().symbols_by_industries() (ICB industry_name),2026-08-29
VID,Bán buôn,vnstock Listing().symbols_by_industries() (ICB industry_name),2026-08-29
VIF,Nông - Lâm - Ngư,vnstock Listing().symbols_by_industries() (ICB industry_name),2026-08-29
VIG,Chứng khoán,vnstock Listing().symbols_by_industries() (ICB industry_name),2026-08-29
VIP,Vận tải - kho bãi,vnstock Listing().symbols_by_industries() (ICB industry_name),2026-08-29
VIT,Vật liệu xây dựng,vnstock Listing().symbols_by_industries() (ICB industry_name),2026-08-29
VIX,Chứng khoán,vnstock Listing().symbols_by_industries() (ICB industry_name),2026-08-29
VJC,Vận tải - kho bãi,vnstock Listing().symbols_by_industries() (ICB industry_name),2026-08-29
VMC,Xây dựng,vnstock Listing().symbols_by_industries() (ICB industry_name),2026-08-29
VMD,Bán buôn,vnstock Listing().symbols_by_industries() (ICB industry_name),2026-08-29
VMS,Vận tải - kho bãi,vnstock Listing().symbols_by_industries() (ICB industry_name),2026-08-29
VNC,"Dịch vụ tư vấn, hỗ trợ",vnstock Listing().symbols_by_industries() (ICB industry_name),2026-08-29
VND,Chứng khoán,vnstock Listing().symbols_by_industries() (ICB industry_name),2026-08-29
VNF,Vận tải - kho bãi,vnstock Listing().symbols_by_industries() (ICB industry_name),2026-08-29
VNG,"Dịch vụ lưu trú, ăn uống, giải trí",vnstock Listing().symbols_by_industries() (ICB industry_name),2026-08-29
VNL,Vận tải - kho bãi,vnstock Listing().symbols_by_industries() (ICB industry_name),2026-08-29
VNM,Thực phẩm - Đồ uống,vnstock Listing().symbols_by_industries() (ICB industry_name),2026-08-29
VNR,Bảo hiểm,vnstock Listing().symbols_by_industries() (ICB industry_name),2026-08-29
VNS,Vận tải - kho bãi,vnstock Listing().symbols_by_industries() (ICB industry_name),2026-08-29
VNT,Vận tải - kho bãi,vnstock Listing().symbols_by_industries() (ICB industry_name),2026-08-29
VOS,Vận tải - kho bãi,vnstock Listing().symbols_by_industries() (ICB industry_name),2026-08-29
VPB,Ngân hàng,vnstock Listing().symbols_by_industries() (ICB industry_name),2026-08-29
VPD,Tiện ích,vnstock Listing().symbols_by_industries() (ICB industry_name),2026-08-29
VPG,Bán buôn,vnstock Listing().symbols_by_industries() (ICB industry_name),2026-08-29
VPH,Bất động sản,vnstock Listing().symbols_by_industries() (ICB industry_name),2026-08-29
VPI,Bất động sản,vnstock Listing().symbols_by_industries() (ICB industry_name),2026-08-29
VPL,"Dịch vụ lưu trú, ăn uống, giải trí",vnstock Listing().symbols_by_industries() (ICB industry_name),2026-08-29
VPS,SX Nhựa - Hóa chất,vnstock Listing().symbols_by_industries() (ICB industry_name),2026-08-29
VPX,Chứng khoán,vnstock Listing().symbols_by_industries() (ICB industry_name),2026-08-29
VRC,Bất động sản,vnstock Listing().symbols_by_industries() (ICB industry_name),2026-08-29
VRE,Bất động sản,vnstock Listing().symbols_by_industries() (ICB industry_name),2026-08-29
VSA,Vận tải - kho bãi,vnstock Listing().symbols_by_industries() (ICB industry_name),2026-08-29
VSC,Vận tải - kho bãi,vnstock Listing().symbols_by_industries() (ICB industry_name),2026-08-29
VSH,Tiện ích,vnstock Listing().symbols_by_industries() (ICB industry_name),2026-08-29
VSI,Xây dựng,vnstock Listing().symbols_by_industries() (ICB industry_name),2026-08-29
VSM,Vận tải - kho bãi,vnstock Listing().symbols_by_industries() (ICB industry_name),2026-08-29
VTB,Thiết bị điện,vnstock Listing().symbols_by_industries() (ICB industry_name),2026-08-29
VTC,Công nghệ và thông tin,vnstock Listing().symbols_by_industries() (ICB industry_name),2026-08-29
VTH,Thiết bị điện,vnstock Listing().symbols_by_industries() (ICB industry_name),2026-08-29
VTJ,Bất động sản,vnstock Listing().symbols_by_industries() (ICB industry_name),2026-08-29
VTO,Vận tải - kho bãi,vnstock Listing().symbols_by_industries() (ICB industry_name),2026-08-29
VTP,Vận tải - kho bãi,vnstock Listing().symbols_by_industries() (ICB industry_name),2026-08-29
VTV,Bán buôn,vnstock Listing().symbols_by_industries() (ICB industry_name),2026-08-29
VTZ,SX Nhựa - Hóa chất,vnstock Listing().symbols_by_industries() (ICB industry_name),2026-08-29
VVS,Bán buôn,vnstock Listing().symbols_by_industries() (ICB industry_name),2026-08-29
WCS,Vận tải - kho bãi,vnstock Listing().symbols_by_industries() (ICB industry_name),2026-08-29
WSS,Chứng khoán,vnstock Listing().symbols_by_industries() (ICB industry_name),2026-08-29
X20,SX Hàng gia dụng,vnstock Listing().symbols_by_industries() (ICB industry_name),2026-08-29
YBM,Vật liệu xây dựng,vnstock Listing().symbols_by_industries() (ICB industry_name),2026-08-29
