date,parkinson_volatility
2017-01-13,0.0006010396171352495
2017-01-16,0.0
2017-01-17,0.0005548134707873939
2017-01-18,0.0023107807774347465
2017-01-19,0.00035784947330893613
2017-01-20,0.0010708276177353628
2017-01-23,0.0018417371713719231
2017-01-24,0.00019814282565851942
2017-01-25,0.00013288133128455388
2017-01-26,0.0
2017-02-03,8.66989777783217e-05
2017-02-06,0.0001349456086834199
2017-02-07,8.536942442837659e-05
2017-02-08,8.66989777783217e-05
2017-02-09,4.89568963417278e-05
2017-02-10,0.0001359968483824053
2017-02-13,4.8578843105235794e-05
2017-02-14,8.805899864403514e-05
2017-02-15,0.00013705938881529886
2017-02-16,2.1507046834864514e-05
2017-02-17,4.8578843105235794e-05
2017-02-20,0.0012673066869018734
2017-02-21,0.0003030670062716703
2017-02-22,4.308067469344252e-05
2017-02-23,0.00012792418464532541
2017-02-24,8.407099642735939e-05
2017-02-27,0.0016404606557919406
2017-02-28,0.000513719087442761
2017-03-01,4.6050964221013066e-05
2017-03-02,0.00025264543820365697
2017-03-03,0.0005137190874427668
2017-03-06,7.857947181210244e-05
2017-03-07,5.002976178552751e-06
2017-03-08,0.0
2017-03-09,0.0003312474564253773
2017-03-10,5.274408010567151e-06
2017-03-13,4.710959738875645e-05
2017-03-14,8.28027541041463e-05
2017-03-15,0.000133907503391435
2017-03-16,8.536942442837659e-05
2017-03-17,4.7835158923313405e-05
2017-03-20,0.00013086406127520847
2017-03-21,2.117829836681258e-05
2017-03-22,5.356021963156127e-06
2017-03-23,4.8578843105235794e-05
2017-03-24,0.0002584748214258002
2017-03-27,0.0006055260794216888
2017-03-28,4.436366802611861e-05
2017-03-29,0.00012323752209721344
2017-03-30,7.80027219268435e-05
2017-03-31,4.436366802611685e-05
2017-04-03,7.743229865045849e-05
2017-04-04,4.929268222228978e-06
2017-04-05,4.469407417900082e-05
2017-04-07,0.0005060500116283218
2017-04-10,4.929268222228978e-06
2017-04-11,4.469407417900082e-05
2017-04-12,7.975307485836337e-05
2017-04-13,4.469407417900082e-05
2017-04-14,8.034938060292095e-05
2017-04-17,4.403745849911605e-05
2017-04-18,0.00024700974846335474
2017-04-19,1.9937717626097383e-05
2017-04-20,1.9937717626097383e-05
2017-04-21,4.929268222228978e-06
2017-04-24,1.979030272829631e-05
2017-04-25,1.9937717626097383e-05
2017-04-26,0.00018215141596221123
2017-04-27,4.929268222228978e-06
2017-04-28,0.0
2017-05-03,4.892839466713049e-06
2017-05-04,1.9644147823198866e-05
2017-05-05,0.00038497564176347805
2017-05-08,5.386006005188489e-05
2017-05-09,0.000223577098587262
2017-05-10,0.00015461488514615095
2017-05-11,0.00015461488514615095
2017-05-12,5.612290186984891e-05
2017-05-15,5.659191572515466e-05
2017-05-16,2.5046907121664907e-05
2017-05-17,5.659191572515466e-05
2017-05-18,5.659191572515466e-05
2017-05-19,0.0004928342083084961
2017-05-22,0.00015590342531690893
2017-05-23,2.5256944886429513e-05
2017-05-24,0.00030559125078707066
2017-05-25,0.00015461488514615095
2017-05-26,6.287844472350358e-06
2017-05-29,0.00010019195869683828
2017-05-30,5.803745849127801e-05
2017-05-31,2.6124084532800037e-05
2017-06-01,0.00016122211265452434
2017-06-02,6.615141061206028e-06
2017-06-05,2.6347846359099267e-05
2017-06-06,2.6574495454253887e-05
2017-06-07,0.00010361724568743948
2017-06-08,6.44860010430456e-06
2017-06-09,5.903101170901147e-05
2017-06-12,2.6574495454253887e-05
2017-06-13,2.6347846359099267e-05
2017-06-14,6.558842266604393e-06
2017-06-15,0.0003107402252513812
2017-06-16,0.0005913427385314203
2017-06-19,9.233657423061897e-05
2017-06-20,5.2146292864635936e-05
2017-06-21,5.8406332821736365e-06
2017-06-22,2.3268989616627426e-05
2017-06-23,0.0017886963524548233
2017-06-26,5.2146292864635936e-05
2017-06-27,9.38319516202936e-05
2017-06-28,5.8406332821736365e-06
2017-06-29,2.3268989616627426e-05
2017-06-30,5.386006005188296e-05
2017-07-03,0.00014840566499945372
2017-07-04,2.4035005008058807e-05
2017-07-05,9.614404056199931e-05
2017-07-06,0.00021991160233937292
2017-07-07,0.001439655863159768
2017-07-10,0.00010274464485390723
2017-07-11,0.00016122211265451772
2017-07-12,0.00022733632766673968
2017-07-13,0.0
2017-07-14,0.00010188302071978281
2017-07-17,0.00010188302071978018
2017-07-18,0.00010361724568744216
2017-07-19,0.00010361724568743682
2017-07-20,5.8531403730548016e-05
2017-07-21,0.00010450101046912868
2017-07-24,5.95377255379651e-05
2017-07-25,5.95377255379651e-05
2017-07-26,2.612408453279868e-05
2017-07-27,2.612408453279868e-05
2017-07-28,2.6124084532797326e-05
2017-07-31,5.853140373054398e-05
2017-08-01,2.612408453279868e-05
2017-08-02,6.558842266604393e-06
2017-08-03,5.953772553796714e-05
2017-08-04,5.95377255379651e-05
2017-08-07,0.0011185392072500507
2017-08-08,0.0009172900127589791
2017-08-09,0.00042164616170603904
2017-08-10,0.00010722123760358735
2017-08-11,0.00010722123760358735
2017-08-14,0.00010722123760358735
2017-08-15,2.703712139028408e-05
2017-08-16,6.109834096589269e-05
2017-08-17,6.7884571379515705e-06
2017-08-18,6.109834096589269e-05
2017-08-21,6.7884571379515705e-06
2017-08-22,0.00044805527696666997
2017-08-23,0.0
2017-08-24,6.163126225866652e-05
2017-08-25,2.7510982813789857e-05
2017-08-28,0.00011101658560077377
2017-08-29,0.00017423151752646895
2017-08-30,0.0
2017-08-31,6.272040103917163e-05
2017-09-01,2.7510982813789857e-05
2017-09-04,0.0
2017-09-05,6.21718984405041e-05
2017-09-06,2.7752838708337703e-05
2017-09-07,2.7998379898431867e-05
2017-09-08,2.799837989843327e-05
2017-09-11,0.00011399691076109984
2017-09-12,2.875287541255051e-05
2017-09-13,6.38379208606934e-05
2017-09-14,2.8497859769595465e-05
2017-09-15,6.440718357130866e-05
2017-09-18,0.00026113148364571956
2017-09-19,6.440718357130866e-05
2017-09-20,2.8497859769595465e-05
2017-09-21,6.38379208606934e-05
2017-09-22,0.0009489322898951942
2017-09-25,2.680454299853751e-05
2017-09-26,0.0004326694695174704
2017-09-27,0.0005452625335918419
2017-09-28,0.00042894687387593633
2017-09-29,6.7301663932234015e-06
2017-10-02,0.0002433556364009674
2017-10-03,2.703712139028408e-05
2017-10-04,6.057162065333308e-05
2017-10-05,6.109834096589269e-05
2017-10-06,6.847744675341047e-06
2017-10-09,2.6574495454253887e-05
2017-10-10,0.0001053952351242934
2017-10-11,2.657449545425525e-05
2017-10-12,6.672167853442047e-06
2017-10-13,0.0012178143266779154
2017-10-16,2.6574495454253887e-05
2017-10-17,0.00023919534197327298
2017-10-18,0.00023919534197327298
2017-10-19,0.00010188302071978281
2017-10-20,0.0005268946785461008
2017-10-23,0.00010722123760358735
2017-10-24,0.0001668176961466432
2017-10-25,0.0
2017-10-26,6.8477446753417414e-06
2017-10-27,2.703712139028408e-05
2017-10-30,2.7510982813789857e-05
2017-10-31,2.7998379898431867e-05
2017-11-01,0.0004441346647173356
2017-11-02,0.00018052433025991387
2017-11-03,0.00011709890085676722
2017-11-06,0.00011709890085676722
2017-11-07,7.220344927015604e-06
2017-11-08,0.0
2017-11-09,0.0001805243302599174
2017-11-10,0.0004684696478679407
2017-11-13,0.0010355910493340947
2017-11-14,0.00026113148364571956
2017-11-15,0.0002565092074480564
2017-11-16,7.156164409293336e-06
2017-11-17,2.9011329495079022e-05
2017-11-20,6.440718357130866e-05
2017-11-21,6.440718357130655e-05
2017-11-22,6.440718357130655e-05
2017-11-23,2.875287541255051e-05
2017-11-24,2.8497859769595465e-05
2017-11-27,6.38379208606934e-05
2017-11-28,2.8497859769595465e-05
2017-11-29,0.0005596799887209804
2017-11-30,6.21718984405041e-05
2017-12-01,6.21718984405041e-05
2017-12-04,0.00042894687387594706
2017-12-05,0.00023919534197327298
2017-12-06,6.057162065333103e-05
2017-12-07,2.7037121390282705e-05
2017-12-08,0.00010722123760358735
2017-12-11,6.272040103916956e-05
2017-12-12,0.00045202995661705386
2017-12-13,0.00017577350177009482
2017-12-14,0.001464228983493169
2017-12-15,0.0010370180248585354
2017-12-18,5.430092711954136e-05
2017-12-19,0.00015461488514614775
2017-12-20,0.00010019195869684087
2017-12-21,5.474785620837655e-05
2017-12-22,5.520096039075504e-05
2017-12-25,0.0006211623456857783
2017-12-26,5.565906788603679e-05
2017-12-27,6.287844472350358e-06
2017-12-28,0.00022733632766673968
2017-12-29,0.00038150455808632337
2018-01-01,0.0
2018-01-02,5.342393873088913e-05
2018-01-03,0.0005865821864475038
2018-01-04,0.0005548115838144584
2018-01-05,0.00027723154573354415
2018-01-08,0.0005818788955314319
2018-01-09,0.001513760406855068
2018-01-10,0.0007640435614476943
2018-01-11,0.0013808615186174965
2018-01-12,0.000282239609516776
2018-01-15,0.0002903042814212758
2018-01-16,0.00045687100796718477
2018-01-17,0.002620019443022007
2018-01-18,0.0007910214043161575
2018-01-19,0.00024980332742663506
2018-01-22,0.0
2018-01-23,0.0
2018-01-24,0.0
2018-01-25,0.00025650993033819643
2018-01-26,9.854316946069805e-05
2018-01-29,0.0003981634747678
2018-01-30,0.00020378968434838721
2018-01-31,0.00033462014419653475
2018-02-01,0.0009554581194816865
2018-02-02,0.000268914345028937
2018-02-05,0.00036873590687359805
2018-02-06,0.006809062370646657
2018-02-07,0.0005355436750877132
2018-02-08,0.000662664117242519
2018-02-09,0.000702232431903194
2018-02-12,0.0007805371155353395
2018-02-13,0.0021818511093356615
2018-02-14,0.0
2018-02-15,0.0
2018-02-16,0.0
2018-02-19,0.0
2018-02-20,0.0
2018-02-21,0.0008351267877765631
2018-02-22,6.957677059282359e-05
2018-02-23,0.00015764652076024466
2018-02-26,0.00026708788774718566
2018-02-27,6.861978115481783e-05
2018-02-28,0.0
2018-03-01,6.67663636304272e-05
2018-03-02,6.861978115481783e-05
2018-03-05,6.676636363042291e-05
2018-03-06,0.00015125652767845147
2018-03-07,0.0003279243832591529
2018-03-08,6.244596054675535e-05
2018-03-09,0.0004413131844302298
2018-03-12,0.0002371557404062559
2018-03-13,0.0003070066958762982
2018-03-14,9.352918394605197e-05
2018-03-15,3.366957489231414e-05
2018-03-16,0.0007081703127651061
2018-03-19,5.706748684952445e-05
2018-03-20,0.00012680592976804773
2018-03-21,5.6005765480820864e-05
2018-03-22,0.0003635518808054429
2018-03-23,0.00024980332742663506
2018-03-26,6.244596054675535e-05
2018-03-27,0.0009489308995009209
2018-03-28,0.0004677039932226773
2018-03-29,0.00037780991210691495
2018-03-30,9.661721132675765e-05
2018-04-02,1.5109762083238217e-05
2018-04-03,6.083343074953935e-05
2018-04-04,1.4916048511963592e-05
2018-04-05,0.0001342533584843889
2018-04-06,0.0003635518808054429
2018-04-09,0.0015944965055279515
2018-04-10,0.0004547124591526314
2018-04-11,0.00038320310026158537
2018-04-12,0.000568452648292273
2018-04-13,0.00032924909999472386
2018-04-16,0.00048286776745211894
2018-04-17,0.00046566869976873447
2018-04-18,0.00015796153839928663
2018-04-19,0.0005649961267007926
2018-04-20,0.00021722192937812608
2018-04-23,0.0007037113432201014
2018-04-24,0.00013254304320615382
2018-04-25,1.778258931114894e-32
2018-04-26,0.004391817982983927
2018-04-27,0.0016725465397514335
2018-04-30,0.0
2018-05-01,0.0
2018-05-02,0.00018937710944377277
2018-05-03,0.0003877865015243164
2018-05-04,9.598643251394768e-05
2018-05-07,0.00013254304320615382
2018-05-08,6.005099630572309e-05
2018-05-09,3.388750303794638e-05
2018-05-10,0.00013254304320615382
2018-05-11,1.4916048511964617e-05
2018-05-14,0.0001308652043467719
2018-05-15,8.669927606865122e-05
2018-05-16,3.121122434762519e-05
2018-05-17,0.0010687448174009659
2018-05-18,0.00015547203471077883
2018-05-21,0.0
2018-05-22,0.0004504346373609065
2018-05-23,0.0004634456930728358
2018-05-24,0.00016923538726080047
2018-05-25,0.00012143548597137678
2018-05-28,0.001007120971785543
2018-05-29,0.0005137205753750095
2018-05-30,0.0003964050218833164
2018-05-31,7.743271344430392e-05
2018-06-01,4.403783175690851e-05
2018-06-04,0.0032288153014409953
2018-06-05,0.0009150911485170673
2018-06-06,0.00023287016922587725
2018-06-07,0.00030750686034003156
2018-06-08,0.0003030657659548303
2018-06-11,0.00012054904945017338
2018-06-12,0.00024700874028304575
2018-06-13,1.9937636711757193e-05
2018-06-14,0.001704406343902813
2018-06-15,7.80031386098605e-05
2018-06-18,4.502743531189683e-05
2018-06-19,0.0027306556585143453
2018-06-20,0.0005137205753750095
2018-06-21,0.00024886615525319554
2018-06-22,0.0005215654120385564
2018-06-25,0.0007126761395612498
2018-06-26,0.0003262844829624395
2018-06-27,8.034905329071722e-05
2018-06-28,0.0012863038905707768
2018-06-29,0.000815173150653091
2018-07-02,0.0011262507492110882
2018-07-03,0.0008521684229717996
2018-07-04,8.407210437204224e-05
2018-07-05,0.00043059773214725174
2018-07-06,0.0001308653363773615
2018-07-09,0.0005137205753750095
2018-07-10,0.0005137205753750095
2018-07-11,0.000258476318999259
2018-07-12,0.0001308653363773615
2018-07-13,0.0002565104943911661
2018-07-16,5.1946231055711396e-06
2018-07-17,0.0003312489810405321
2018-07-18,0.0004912179624789954
2018-07-19,0.0001260178221038714
2018-07-20,4.605077486383554e-05
2018-07-23,0.00032143201764937623
2018-07-24,0.0
2018-07-25,2.085772413393499e-05
2018-07-26,0.0006383892717445556
2018-07-27,0.0005295913386576369
2018-07-30,0.0012863038905707768
2018-07-31,0.0009489327521564078
2018-08-01,0.0005137205753750095
2018-08-02,0.0004176699698483197
2018-08-03,2.085772413393499e-05
2018-08-06,4.7470895345448536e-05
2018-08-07,8.407210437204224e-05
2018-08-08,5.274550633712269e-06
2018-08-09,4.7470895345450366e-05
2018-08-10,4.7470895345450366e-05
2018-08-13,2.117894169630871e-05
2018-08-14,2.1178941696309926e-05
2018-08-15,0.0005137205753750095
2018-08-16,0.00012987387670589069
2018-08-17,0.0001308653363773615
2018-08-20,0.00018773497896257705
2018-08-21,5.234276654961858e-06
2018-08-22,4.6752505760654144e-05
2018-08-23,8.343396384400413e-05
2018-08-24,4.6752505760654144e-05
2018-08-27,8.343396384400413e-05
2018-08-28,2.085772413393499e-05
2018-08-29,0.0
2018-08-30,2.1017577404164787e-05
2018-08-31,4.675250576065595e-05
2018-09-03,0.0
2018-09-04,2.085772413393499e-05
2018-09-05,2.1178941696309926e-05
2018-09-06,8.407210437204224e-05
2018-09-07,5.234276654961858e-06
2018-09-10,8.343396384400653e-05
2018-09-11,4.675250576065595e-05
2018-09-12,8.280241168676709e-05
2018-09-13,5.234276654961858e-06
2018-09-14,0.00012889283115562512
2018-09-17,8.280241168676709e-05
2018-09-18,0.00018491072533407112
2018-09-19,0.00039934188621429227
2018-09-20,1.9644437603409232e-05
2018-09-21,0.00038497570248262824
2018-09-24,0.001621214978845684
2018-09-25,1.778258931114894e-32
2018-09-26,0.0014457399756627497
2018-09-27,0.0004441359536270921
2018-09-28,0.0006226405659840792
2018-10-01,0.0008481999383755847
2018-10-02,0.0010417900436636434
2018-10-03,0.00020448436327879442
2018-10-04,5.11178662747708e-05
2018-10-05,0.00015702206109369316
2018-10-08,0.0002172214279812846
2018-10-09,0.0006376931675070818
2018-10-10,0.00046567135583188216
2018-10-11,0.0007037089059371602
2018-10-12,0.0003457630956071076
2018-10-15,0.0008002736564867942
2018-10-16,0.001106916062637867
2018-10-17,0.00032143403577806497
2018-10-18,0.0002627019710799695
2018-10-19,8.45872511304886e-05
2018-10-22,0.00011996348682128114
2018-10-23,0.0003415199754610182
2018-10-24,0.00016579723371660092
2018-10-25,0.0005010321409529714
2018-10-26,0.0001668176003365554
2018-10-29,0.0001244619869011845
2018-10-30,0.0002240418573905229
2018-10-31,0.00012218168747927204
2018-11-01,3.0450648645334664e-05
2018-11-02,0.0015381889025612144
2018-11-05,0.000378702818870474
2018-11-06,7.77742109922334e-05
2018-11-07,1.2407033459880596e-05
2018-11-08,0.00020207136502423633
2018-11-09,5.11178662747708e-05
2018-11-12,0.00032924894129797254
2018-11-13,0.0002627019710799695
2018-11-14,2.953899224098659e-05
2018-11-15,5.235626117207463e-05
2018-11-16,0.00011570573407003297
2018-11-19,5.1117866274767026e-05
2018-11-20,0.001879169287302444
2018-11-21,0.001390825229544198
2018-11-22,0.0003179706321867776
2018-11-23,0.0004948642010202781
2018-11-26,0.0003486359056231929
2018-11-27,0.00019969927133629473
2018-11-28,0.002386617434665094
2018-11-29,0.0009070941667959854
2018-11-30,0.0009489327280803086
2018-12-03,0.001370560357725065
2018-12-04,0.0001053958858076978
2018-12-05,4.7652456598936236e-05
2018-12-06,0.0009100787422357077
2018-12-07,0.0007626912379134853
2018-12-10,0.00010660738207103008
2018-12-11,0.0001950816727556375
2018-12-12,0.0
2018-12-13,0.00043898323208204184
2018-12-14,0.00010909389250486132
2018-12-17,0.001041790043663627
2018-12-18,0.0006613137734952075
2018-12-19,0.0008481999383755847
2018-12-20,0.0008380075004287344
2018-12-21,0.00032143403577806497
2018-12-24,0.0011302385601162476
2018-12-25,0.00034151997546102297
2018-12-26,0.0002172214279812846
2018-12-27,0.0006532955051966927
2018-12-28,0.002270199371400664
2018-12-31,0.0
2019-01-01,0.0
2019-01-02,0.00020694084397425398
2019-01-03,0.00016579723371660092
2019-01-04,0.00012446198690118743
2019-01-07,0.0002707590034169504
2019-01-08,0.000571938592405816
2019-01-09,0.0002757735900829447
2019-01-10,0.0004770288440388367
2019-01-11,8.45872511304886e-05
2019-01-14,3.3220344364647184e-06
2019-01-15,0.000716922666421807
2019-01-16,0.0001129911836656128
2019-01-17,0.0018417421394570726
2019-01-18,0.00020944024638639151
2019-01-21,0.0009319840147015988
2019-01-22,0.0008329800465260945
2019-01-23,0.0004712999769844684
2019-01-24,5.267309869862499e-05
2019-01-25,3.0264971847430812e-05
2019-01-28,8.407145652044383e-05
2019-01-29,0.0004948642418173615
2019-01-30,0.00039720502630374735
2019-01-31,0.00020818571746749248
2019-02-01,0.0005416599146436478
2019-02-04,0.0
2019-02-05,0.0
2019-02-06,0.0
2019-02-07,0.0
2019-02-08,0.0
2019-02-11,0.0005197400714827757
2019-02-12,4.992135862583652e-05
2019-02-13,0.002537741849402289
2019-02-14,0.00014892298997203274
2019-02-15,2.7511152244545453e-05
2019-02-18,0.0
2019-02-19,0.00015609011456753371
2019-02-20,0.00025803816058750503
2019-02-21,0.0
2019-02-22,7.91640529391852e-05
2019-02-25,0.0001551664405211942
2019-02-26,5.1117866274767026e-05
2019-02-27,0.00015702206109369316
2019-02-28,0.00020448436327879076
2019-03-01,8.011073460627788e-05
2019-03-04,0.00011366079453702925
2019-03-05,2.8498628614151272e-05
2019-03-06,0.00011433637559383777
2019-03-07,4.933917726303502e-05
2019-03-08,0.0
2019-03-11,0.00011166842298190937
2019-03-12,0.00010909389250486132
2019-03-13,0.0002927917011072132
2019-03-14,0.00035733615212859996
2019-03-15,0.0004441359536270921
2019-03-18,0.0005137189349738731
2019-03-19,0.000193952302699125
2019-03-20,2.76720378315601e-05
2019-03-21,0.00011036989822979341
2019-03-22,4.9921358625838375e-05
2019-03-25,7.91640529391852e-05
2019-03-26,2.8498628614151272e-05
2019-03-27,5.051469700495381e-05
2019-03-28,0.00011299118366561004
2019-03-29,7.823307131892812e-05
2019-04-01,0.0001129911836656128
2019-04-02,0.00020448436327879076
2019-04-03,0.00011501799802159705
2019-04-04,5.1731102619197085e-05
2019-04-05,0.00011570573407003581
2019-04-08,7.96352836872382e-05
2019-04-09,1.2855449375392557e-05
2019-04-10,8.011073460627553e-05
2019-04-11,8.059045624018528e-05
2019-04-12,0.0002595788677900457
2019-04-15,0.0
2019-04-16,0.00011433637559383498
2019-04-17,2.866826512594961e-05
2019-04-18,5.1731102619197085e-05
2019-04-19,5.1731102619197085e-05
2019-04-22,5.1731102619197085e-05
2019-04-23,1.2855449375392557e-05
2019-04-24,1.2855449375392557e-05
2019-04-25,5.173110261919899e-05
2019-04-26,0.0003102204846591705
2019-04-29,0.0
2019-04-30,0.0
2019-05-01,0.0
2019-05-02,4.933917726303315e-05
2019-05-03,1.2407033459880596e-05
2019-05-06,0.00011433637559383498
2019-05-07,0.0003877884464710193
2019-05-08,0.0004932025461145507
2019-05-09,6.5866605520858e-05
2019-05-10,6.676582023331884e-05
2019-05-13,4.215471508935321e-06
2019-05-14,0.0001512568866098069
2019-05-15,3.7683157955591056e-05
2019-05-16,0.00020378912162990784
2019-05-17,3.820203837074193e-05
2019-05-20,4.2154715089358665e-06
2019-05-21,3.820203837074029e-05
2019-05-22,3.820203837074029e-05
2019-05-23,0.00010759229902285895
2019-05-24,0.00010759229902285622
2019-05-27,1.7273372047614256e-05
2019-05-28,0.0007640452547817865
2019-05-29,0.0002903036169100463
2019-05-30,7.41381850467524e-05
2019-05-31,7.467253540791613e-05
2019-06-03,0.0007126748383032605
2019-06-04,0.0003964043022010423
2019-06-05,0.00011967160464111474
2019-06-06,0.00023978340228414055
2019-06-07,7.800336279720618e-05
2019-06-10,0.00017423108366333695
2019-06-11,0.00012143617516239715
2019-06-12,1.9644771444285338e-05
2019-06-13,4.96598182068051e-06
2019-06-14,1.9790560273725118e-05
2019-06-17,0.0005137189772195367
2019-06-18,0.0016161419571252135
2019-06-19,0.0011783530961300937
2019-06-20,0.0006335323516946248
2019-06-21,0.00013390721399429432
2019-06-24,2.117837286986456e-05
2019-06-25,8.53689151201143e-05
2019-06-26,8.53689151201143e-05
2019-06-27,0.0005462074997440444
2019-06-28,0.0005462074997440324
2019-07-01,0.0004511421752546717
2019-07-02,8.945116826639467e-05
2019-07-03,0.00019970077682181925
2019-07-04,8.603064781896744e-05
2019-07-05,0.0003312486167206407
2019-07-08,0.00018631398977208018
2019-07-09,0.0001906220592162074
2019-07-10,0.00019062205921621095
2019-07-11,0.0005215637445477692
2019-07-12,8.669887676196696e-05
2019-07-15,2.1506716121967983e-05
2019-07-16,8.669887676196696e-05
2019-07-17,0.00034152091611853183
2019-07-18,0.00025456608359978954
2019-07-19,0.0014468182050229239
2019-07-22,0.0011953751036116878
2019-07-23,0.00048404538186698585
2019-07-24,0.0008782451622793124
2019-07-25,0.0
2019-07-26,0.0
2019-07-29,0.0
2019-07-30,0.0
2019-07-31,9.233663155975346e-05
2019-08-01,0.00014256383158663106
2019-08-02,9.233663155975094e-05
2019-08-05,9.233663155975346e-05
2019-08-06,0.0
2019-08-07,0.0015610051785911727
2019-08-08,9.087671370154655e-05
2019-08-09,0.00034152091611853183
2019-08-12,8.53689151201143e-05
2019-08-13,8.66988767619694e-05
2019-08-14,0.0001370580597427608
2019-08-15,8.805888549841201e-05
2019-08-16,0.0017168141021353875
2019-08-19,0.00019357768462403702
2019-08-20,8.669887676196696e-05
2019-08-21,0.0001370580597427608
2019-08-22,8.875093169672013e-05
2019-08-23,0.0002707592175490682
2019-08-26,9.087671370154905e-05
2019-08-27,0.00014143517978047344
2019-08-28,0.00013922239708551742
2019-08-29,0.0001403214400006335
2019-08-30,0.00013922239708551433
2019-09-02,0.0
2019-09-03,5.13204279158202e-05
2019-09-04,9.160231006747404e-05
2019-09-05,9.160231006747654e-05
2019-09-06,9.160231006747404e-05
2019-09-09,9.233663155975094e-05
2019-09-10,2.364722582955409e-05
2019-09-11,9.536263737145568e-05
2019-09-12,0.00021284562456526856
2019-09-13,9.383199314742732e-05
2019-09-16,0.00021457978012163416
2019-09-17,2.364722582955409e-05
2019-09-18,5.2992717621757086e-05
2019-09-19,5.2992717621757086e-05
2019-09-20,9.45933439069336e-05
2019-09-23,5.3423565134521624e-05
2019-09-24,5.935932825793581e-06
2019-09-25,2.40348807766956e-05
2019-09-26,0.00020943984015838724
2019-09-27,0.000209439840158391
2019-09-30,9.160231006747152e-05
2019-10-01,9.383199314742732e-05
2019-10-02,0.00014961628363457358
2019-10-03,5.430116169164075e-05
2019-10-04,9.693381119780182e-05
2019-10-07,0.00021991128651945905
2019-10-08,0.0004041855482932061
2019-10-09,5.659216612343065e-05
2019-10-10,5.659216612343065e-05
2019-10-11,0.0001572080578614665
2019-10-14,0.00023118927628622762
2019-10-15,0.00010361656897971333
2019-10-16,0.00023919613516729967
2019-10-17,0.0001682619995944301
2019-10-18,0.00011101584891858721
2019-10-21,0.00017891942195727976
2019-10-22,0.00011501712538803074
2019-10-23,0.00011101584891858993
2019-10-24,0.00011101584891858721
2019-10-25,0.000347606071543091
2019-10-28,0.000174231409060639
2019-10-29,6.271995305174041e-05
2019-10-30,2.7997757091587183e-05
2019-10-31,0.00011199696143231368
2019-11-01,2.824647654532682e-05
2019-11-04,0.00017733595169808536
2019-11-05,2.8753136998881526e-05
2019-11-06,0.00011399697523204121
2019-11-07,2.8753136998881526e-05
2019-11-08,2.8498116089820656e-05
2019-11-11,6.383746998786493e-05
2019-11-12,2.824647654532682e-05
2019-11-13,6.27199530517425e-05
2019-11-14,6.271995305174041e-05
2019-11-15,2.7997757091587183e-05
2019-11-18,6.327501496468847e-05
2019-11-19,2.824647654532682e-05
2019-11-20,0.0013029274901911524
2019-11-21,0.0015022837555769932
2019-11-22,0.0011049722201318948
2019-11-25,0.0002981072670732593
2019-11-26,0.002497649530710238
2019-11-27,0.0006687328660615687
2019-11-28,0.00036355269816246074
2019-11-29,0.0006687328660615752
2019-12-02,0.0011049722201318865
2019-12-06,0.0004848367307230399
2019-12-09,9.383199314742732e-05
2019-12-10,0.00021113442490725297
2019-12-11,0.0006010390459408478
2019-12-12,0.0004888085822155363
2019-12-13,9.536263737145568e-05
2019-12-16,0.00038778461060856264
2019-12-17,5.52016107895254e-05
2019-12-18,0.00038778461060856264
2019-12-19,2.483935032352876e-05
2019-12-20,0.00023118927628622762
2019-12-23,6.340830890002692e-06
2019-12-24,0.00010361656897971598
2019-12-25,0.00010539619029130801
2019-12-26,0.00010630211279687564
2019-12-27,0.00010722129107834462
2019-12-30,5.9537987001158933e-05
2019-12-31,0.00024335646241554202
2020-01-01,0.0
2020-01-02,0.00010722129107834462
2020-01-03,6.005125429276997e-05
2020-01-06,0.0003269869287183155
2020-01-07,6.109791024436342e-05
2020-01-08,0.0008585774710710421
2020-01-09,2.8498116089820656e-05
2020-01-10,0.0007126761844322301
2020-01-13,6.440807025291229e-05
2020-01-14,0.00011605104592418156
2020-01-15,2.953907325614044e-05
2020-01-16,6.676550719780485e-05
2020-01-17,2.953907325614044e-05
2020-01-20,0.0007126761844322236
2020-01-21,0.0015153006664261658
2020-01-22,0.0008380026884146305
2020-01-23,0.0
2020-01-24,0.0
2020-01-27,0.0
2020-01-28,0.0
2020-01-29,0.0
2020-01-30,0.0015854664661900137
2020-01-31,0.001856456773641053
2020-02-03,0.0036738369219338346
2020-02-04,0.0010456259453440761
2020-02-05,0.00010019201882462451
2020-02-06,0.0004969096492691249
2020-02-07,0.000227334720473903
2020-02-10,0.0006059771138587813
2020-02-11,0.00045832169915829954
2020-02-12,0.0006583820378444107
2020-02-13,0.0005215637445477751
2020-02-14,0.0004912180138296826
2020-02-17,0.0004912180138296826
2020-02-18,0.001215118605679835
2020-02-19,0.0006635237563404159
2020-02-20,0.0005378022760325287
2020-02-21,0.0002645103821734622
2020-02-24,0.00020776749831282498
2020-02-25,0.00036355269816247055
2020-02-26,4.9340019566655735e-05
2020-02-27,0.00013922239708551742
2020-02-28,0.00014485709964937846
2020-03-02,0.0005462074997440383
2020-03-03,0.0011605907177728802
2020-03-05,0.0010854273053930812
2020-03-06,0.00031668792305306894
2020-03-09,0.0005548112139772703
2020-03-10,0.0019485814581457898
2020-03-11,0.0011873830032536924
2020-03-12,0.004391814332024458
2020-03-13,0.0012735922078228393
2020-03-16,0.00028167722635063483
2020-03-17,0.0016312783623545768
2020-03-18,0.0008181653046315349
2020-03-19,0.0006211619190896296
2020-03-20,0.00010188306291535336
2020-03-23,0.00025200827686979864
2020-03-24,0.0027057984776016545
2020-03-25,0.0005500054248961782
2020-03-26,0.0016113407135120081
2020-03-27,0.0007805378458554658
2020-03-30,0.0005440893412481561
2020-03-31,0.003015311804339
2020-04-01,7.838752696655174e-05
2020-04-02,0.0
2020-04-03,0.00042684234714343734
2020-04-06,0.0011783514105834444
2020-04-07,0.0009760575188476648
2020-04-08,0.00040273879617279596
2020-04-09,0.00019969926837857114
2020-04-10,0.00013086488874446942
2020-04-13,3.179922358164105e-05
2020-04-14,0.00012369519214818433
2020-04-15,0.001597073607743153
2020-04-16,0.0005359598521793384
2020-04-17,0.0005452645374326321
2020-04-20,0.00043267002407008297
2020-04-21,0.0006010398490805099
2020-04-22,0.0009489342796964626
2020-04-23,0.00070638320894086
2020-04-24,0.00034760607154308616
2020-04-27,0.00017733595169808184
2020-04-28,0.00025424483796606263
2020-04-29,6.271995305174041e-05
2020-04-30,0.0
2020-05-01,0.0
2020-05-04,0.0005798070426645182
2020-05-05,0.0001789194219572832
2020-05-06,0.00024762510156731675
2020-05-07,0.00024335646241554202
2020-05-08,0.0001639840083732872
2020-05-11,5.803705131802254e-05
2020-05-12,0.0007362921098347587
2020-05-13,0.0013880113256649024
2020-05-14,0.00019970077682181925
2020-05-15,0.0
2020-05-18,0.0
2020-05-19,0.00013705805974276387
2020-05-20,1.778258931114894e-32
2020-05-21,0.0007063786483358101
2020-05-22,0.00011399741554093459
2020-05-25,0.00025880449594307893
2020-05-26,0.00035385685416699874
2020-05-27,0.0005500085973429344
2020-05-28,6.383746780104354e-05
2020-05-29,6.44074684360504e-05
2020-06-01,0.0002565088741793865
2020-06-02,0.00011501609806456436
2020-06-03,0.0015152978453729783
2020-06-04,0.0002794420317053836
2020-06-05,1.9644570609340408e-05
2020-06-08,0.0
2020-06-09,0.0
2020-06-10,0.0002624759921813355
2020-06-11,0.002881336134419284
2020-06-12,0.0008945845165003875
2020-06-15,0.0006109771802727145
2020-06-16,0.000748540778399127
2020-06-17,0.00039098519108731166
2020-06-18,0.0008516375150038705
2020-06-19,0.0003578480882812823
2020-06-22,0.0003550465077777816
2020-06-23,0.0011873870819258854
2020-06-24,0.0001807949814710245
2020-06-25,0.0025724884333116972
2020-06-26,0.0004319203783695593
2020-06-29,0.0008467286864326263
2020-06-30,0.0009050736615103148
2020-07-01,0.00032792769877213113
2020-07-02,0.0007601913553016377
2020-07-03,0.00038778682895606405
2020-07-06,0.0004035093137503296
2020-07-07,0.001129402967618624
2020-07-08,0.001161687213555621
2020-07-09,0.0002822402308505485
2020-07-10,0.0
2020-07-13,0.0002498027991568301
2020-07-14,0.001670376146620264
2020-07-15,0.0
2020-07-16,0.00019704143028242196
2020-07-17,0.00027075906199853806
2020-07-20,0.00010759185192195096
2020-07-21,0.00044413433155796945
2020-07-22,0.0001106279690799387
2020-07-23,0.001546338395574534
2020-07-24,0.003077566758701719
2020-07-27,0.001502285191529284
2020-07-28,0.0008447769940917686
2020-07-29,0.0013695387540578632
2020-07-30,0.0003877863378084852
2020-07-31,0.0005137179753572639
2020-08-03,0.0008727166335091076
2020-08-04,0.0006957025925617864
2020-08-05,0.0018271965565295702
2020-08-06,0.0005462083383216521
2020-08-07,8.945151285732128e-05
2020-08-10,0.00014032245600161813
2020-08-11,8.945151285731632e-05
2020-08-12,5.091472677851831e-05
2020-08-13,0.00020286895779241543
2020-08-14,0.00014256325298169151
2020-08-17,9.383235459223256e-05
2020-08-18,0.00029089494031122026
2020-08-19,5.256796686533756e-05
2020-08-20,9.536435826558432e-05
2020-08-21,0.0005818794652703382
2020-08-24,0.00019970061145746038
2020-08-25,0.0002028689577924192
2020-08-26,0.0001437038189212816
2020-08-27,5.091472677851642e-05
2020-08-28,0.0015137638834074815
2020-08-31,0.0004985519447933275
2020-09-01,0.001267304913662561
2020-09-02,0.0
2020-09-03,0.0005793367150115032
2020-09-04,0.0012487258219899973
2020-09-07,0.00048404365943505325
2020-09-08,0.00017945162374814755
2020-09-09,0.00031204636534378584
2020-09-10,0.00030306585813901453
2020-09-11,0.0
2020-09-14,7.80036648155906e-05
2020-09-15,0.00038497498011469546
2020-09-16,0.00011880524499263023
2020-09-17,0.0004441343315579749
2020-09-18,0.00011219328356403907
2020-09-21,0.00022304866834399606
2020-09-22,0.00011967247308437914
2020-09-23,7.631099216888574e-05
2020-09-24,4.339603136026492e-05
2020-09-25,0.000717985121253655
2020-09-28,7.916257393672838e-05
2020-09-29,0.00031204636534379505
2020-09-30,0.00017945162374815107
2020-10-01,0.001692134682500926
2020-10-02,0.0006920120559336058
2020-10-05,0.00017423256931810332
2020-10-06,0.00031204636534379505
2020-10-07,7.916257393672602e-05
2020-10-08,0.0003238446955336857
2020-10-09,0.0001269655783754173
2020-10-12,0.0002488650862427742
2020-10-13,8.407201678866694e-05
2020-10-14,0.00013288199163038263
2020-10-15,0.00019062206673903443
2020-10-16,0.00019357767692556807
2020-10-19,0.0005378031445272756
2020-10-20,8.669809800440991e-05
2020-10-21,0.00013813407888568983
2020-10-22,5.051468153517675e-05
2020-10-23,2.21871368385485e-05
2020-10-26,0.00036355173219518506
2020-10-27,0.000293267754254979
2020-10-28,0.0002235768061411355
2020-10-29,0.000235140480489578
2020-10-30,0.00040418449867749847
2020-11-02,5.565867270116487e-05
2020-11-03,0.0006109771802727145
2020-11-04,0.00021991129118031393
2020-11-05,0.00021991129118031002
2020-11-06,0.00010019239613526767
2020-11-09,0.00015461504120595532
2020-11-10,0.0009718088859530052
2020-11-11,0.00014143618366988648
2020-11-12,9.087589748050326e-05
2020-11-13,5.256796686533756e-05
2020-11-16,0.00014602643105992015
2020-11-17,0.000144858157534097
2020-11-18,0.0001997006114574567
2020-11-19,8.737412461704073e-05
2020-11-20,5.0117618794520474e-05
2020-11-23,0.00020286895779241543
2020-11-24,0.00014143618366989268
2020-11-25,0.0001381340788856837
2020-11-26,8.737412461704073e-05
2020-11-27,0.0004339211289920011
2020-11-30,0.0003415200366199646
2020-12-01,0.00020127457626294634
2020-12-02,0.00019660256640441972
2020-12-03,0.00013186757714772656
2020-12-04,0.0003312499092089411
2020-12-07,0.00018773526601731876
2020-12-08,0.0007287854078197015
2020-12-09,0.00038778773848948436
2020-12-10,0.0003120463653437904
2020-12-11,0.00024517280493054864
2020-12-14,0.0009085398225856741
2020-12-15,0.0003740351176633685
2020-12-16,7.521296512479962e-05
2020-12-17,0.0005922139780154027
2020-12-18,0.0018549775536490206
2020-12-21,0.0005772329917077424
2020-12-22,0.0011101324989042025
2020-12-23,0.0004899019265485568
2020-12-24,0.002121393657091506
2020-12-25,0.0026200127907626326
2020-12-28,0.0009250512374499059
2020-12-29,0.00017423064416619545
2020-12-30,0.0002954040421520396
2020-12-31,0.0011346902705857643
2021-01-01,0.0
2021-01-04,0.0007043024815595227
2021-01-05,0.00030306624271125225
2021-01-06,0.0019584152618255125
2021-01-07,0.0004797096846516454
2021-01-08,0.00045887913764650165
2021-01-11,0.0009070950716415827
2021-01-12,0.0004192534245068185
2021-01-13,0.0002894833717334966
2021-01-14,0.0019917396246975634
2021-01-15,0.0010329541701986542
2021-01-18,0.0011424474274805846
2021-01-19,0.0016084739893695574
2021-01-20,0.002951212568963845
2021-01-21,0.0005425829347482532
2021-01-22,0.0016779854983427996
2021-01-25,0.0007626915021048645
2021-01-26,0.0005805447394904322
2021-01-27,0.0027306533040288563
2021-01-28,0.0002465476938057819
2021-01-29,0.005518623218430744
2021-02-01,0.0029156655605072244
2021-02-02,0.0012444121973867774
2021-02-03,0.001878181890703385
2021-02-04,0.0011346902705857728
2021-02-05,0.00034152049666523996
2021-02-08,0.0017168113192069007
2021-02-09,0.0
2021-02-10,0.0
2021-02-11,0.0
2021-02-12,0.0
2021-02-15,0.0
2021-02-16,0.0
2021-02-17,0.0005615689916784063
2021-02-18,0.0003809435522265682
2021-02-19,0.00046567007922967957
2021-02-22,0.0003924538665822819
2021-02-23,0.0001185188641458026
2021-02-24,0.0
2021-02-25,0.00011570431719344416
2021-02-26,0.00015986758696135743
2021-03-01,0.00045471118469035405
2021-03-02,0.00036993231923776774
2021-03-03,0.00025651034206622446
2021-03-04,0.0008181658774868803
2021-03-05,0.0003292494039245
2021-03-08,0.0004547111846903486
2021-03-09,0.0011919433377795467
2021-03-10,0.0001821507196197853
2021-03-11,0.000463957703948868
2021-03-12,0.00021991129118031393
2021-03-15,6.900049537573099e-05
2021-03-16,0.00028303039105502927
2021-03-17,7.134935557132321e-05
2021-03-18,0.0002722493303814754
2021-03-19,0.00021991129118031393
2021-03-22,0.0001359957104423264
2021-03-23,0.00027988667873043505
2021-03-24,0.00043392300226398605
2021-03-25,0.0012487274305524984
2021-03-26,0.0006376899006734242
2021-03-29,0.0002461908398015782
2021-03-30,4.9339510399542803e-05
2021-03-31,4.933951039954094e-05
2021-04-01,0.0007454501032511303
2021-04-02,0.00022234485004796255
2021-04-05,0.00017616213416081614
2021-04-06,0.0002260716197355309
2021-04-07,0.0001382889035091885
2021-04-08,0.00010075051861829071
2021-04-09,0.0009750847096547215
2021-04-12,0.0002094410285559862
2021-04-13,0.0004974932195684731
2021-04-14,0.00032495016304390245
2021-04-15,0.0003267309598050085
2021-04-16,0.0010424416360344715
2021-04-19,0.000286230335397803
2021-04-20,0.0008297496335097275
2021-04-21,0.0
2021-04-22,0.0002894833717334966
2021-04-23,0.0002378332878260107
2021-04-26,0.0004934573930188973
2021-04-27,0.00019395361543458255
2021-04-28,0.00024762510342369795
2021-04-29,0.00010783968813854746
2021-04-30,0.0
2021-05-03,0.0
2021-05-04,0.0006010386505893411
2021-05-05,0.001622173120940169
2021-05-06,0.00017046410446746948
2021-05-07,0.0007637256908077097
2021-05-10,0.0019193432714582693
2021-05-11,0.0008420581601840786
2021-05-12,0.00021147414258227134
2021-05-13,0.002603219536185713
2021-05-14,0.00046014072498233393
2021-05-17,0.0004053164111032609
2021-05-18,0.0009995594910409773
2021-05-19,0.0011934683622317126
2021-05-20,0.001412646295188225
2021-05-21,0.0009268565142031006
2021-05-24,0.0008053230266395931
2021-05-25,0.0016623779890707945
2021-05-26,0.0006885124861561231
2021-05-27,0.0015131210899932328
2021-05-28,0.0012795470356183716
2021-05-31,0.00011794772216370243
2021-06-01,0.0007694838904188637
2021-06-02,0.004576280499251724
2021-06-03,0.0006337249981551108
2021-06-04,0.00021284563989665238
2021-06-07,0.0018633606653356127
2021-06-08,0.0
2021-06-09,0.006669938722239996
2021-06-10,0.0006784722287669515
2021-06-11,0.0042457803892596
2021-06-14,0.002651662660990418
2021-06-15,0.0020408950591264386
2021-06-16,0.004259907576080533
2021-06-17,0.0032763747371166896
2021-06-18,0.002153388087531676
2021-06-21,0.0008493407464590591
2021-06-22,0.0006857409616188981
2021-06-23,0.0006177393213357107
2021-06-24,0.0009329105784662255
2021-06-25,0.003112343437741666
2021-06-28,0.00042331465423732186
2021-06-29,0.0005315563568600244
2021-06-30,0.00014602592373980637
2021-07-01,0.0017439608340532947
2021-07-02,0.0010389628902235644
2021-07-05,0.0
2021-07-06,0.0
2021-07-07,0.0
2021-07-08,0.0
2021-07-09,0.0017498105885873578
2021-07-12,0.0
2021-07-13,0.002984888839160147
2021-07-14,0.0
2021-07-15,0.0018134468120214575
2021-07-16,0.0
2021-07-19,0.0010641890463102034
2021-07-20,0.002799869110834565
2021-07-21,0.0006189589698759309
2021-07-22,0.0005384411964419908
2021-07-23,0.0003214319274045737
2021-07-26,0.0009459883885026563
2021-07-27,0.0017912797755261015
2021-07-28,0.0003332646287736403
2021-07-29,0.00046014008212382293
2021-07-30,0.0002961574642783201
2021-08-02,0.0017168129834163567
2021-08-03,0.0013880161337350406
2021-08-04,0.0
2021-08-05,0.0007054898824858764
2021-08-06,0.0016002284064160197
2021-08-09,0.0018834438019172798
2021-08-10,0.0
2021-08-11,0.0005253166222053688
2021-08-12,0.0011162439610576545
2021-08-13,0.002082477999212187
2021-08-16,0.0005419802303334071
2021-08-17,0.0
2021-08-18,0.0006010386274641234
2021-08-19,0.00036219660332180794
2021-08-20,0.0011346905741347218
2021-08-23,0.0016666978910584455
2021-08-24,0.002680761625240042
2021-08-25,0.0007154401722859201
2021-08-26,0.0008618070174680019
2021-08-27,0.0007454520173772255
2021-08-30,0.001148507426739177
2021-08-31,0.0007387171625624765
2021-09-01,0.0007360494785019019
2021-09-02,0.0
2021-09-03,0.0
2021-09-06,0.0003283156243729492
2021-09-07,0.0008462953348135259
2021-09-08,0.0
2021-09-09,0.000674663756633062
2021-09-10,0.0010834436014161219
2021-09-13,0.0007221579897506509
2021-09-14,0.0002506267884187278
2021-09-15,0.0006889159195408532
2021-09-16,0.0004008224443431569
2021-09-17,0.0007552309134679277
2021-09-20,0.0005057334481646192
2021-09-21,0.0
2021-09-22,0.0
2021-09-23,0.0003011228445736837
2021-09-24,0.0019220747707655893
2021-09-27,0.0017476051178966626
2021-09-28,0.0020563399450809305
2021-09-29,0.001818332587574627
2021-09-30,0.0003283156243729492
2021-10-01,0.0003415191878741592
2021-10-04,0.0008197247429345965
2021-10-05,0.0015295933096462738
2021-10-06,0.0
2021-10-07,0.001792588895204358
2021-10-08,0.0
2021-10-11,0.0
2021-10-12,0.000347120257446063
2021-10-13,0.000137773437933763
2021-10-14,0.0
2021-10-15,0.00023639701440797317
2021-10-18,0.0
2021-10-19,0.0003339046620146426
2021-10-20,0.0006351440525556656
2021-10-21,0.000604831304805968
2021-10-22,0.00018391692159413882
2021-10-25,0.0
2021-10-26,0.0
2021-10-27,0.0
2021-10-28,0.00029353475045642576
2021-10-29,0.00020943982873783108
2021-11-01,0.0
2021-11-02,0.0002853836380956709
2021-11-03,0.0010038396348048101
2021-11-04,0.001380862553122833
2021-11-05,0.0014196500934928141
2021-11-08,0.001248727605868261
2021-11-09,0.0002862311432761918
2021-11-10,0.00042600434003488643
2021-11-11,0.0007783408915551737
2021-11-12,0.0002638656205982326
2021-11-15,0.000925685763401852
2021-11-16,0.00041570243458975454
2021-11-17,0.0007308395912485874
2021-11-18,0.0009231531595164891
2021-11-19,0.004014769893061921
2021-11-22,0.0015453605107884339
2021-11-23,0.0005548121660062914
2021-11-24,0.000509588149640082
2021-11-25,0.0005772322753999087
2021-11-26,0.00040567724639602545
2021-11-29,0.0007979135024460254
2021-11-30,0.0005249800803579943
2021-12-01,0.0006027368563158797
2021-12-02,0.0002653746796140648
2021-12-03,0.0021489804582571787
2021-12-06,0.0021668056544030204
2021-12-07,0.0007780391051370916
2021-12-08,0.0003296689748820477
2021-12-09,0.00033822586856364244
2021-12-10,0.00020810036372896176
2021-12-13,0.00036355323180924164
2021-12-14,0.00032346266982399927
2021-12-15,7.467233449685444e-05
2021-12-16,0.0002094398287378273
2021-12-17,0.00023945252382344577
2021-12-20,0.00036355323180924164
2021-12-21,0.00023715540299763926
2021-12-22,0.00237241389480364
2021-12-23,0.0012644655811427485
2021-12-24,0.0007387171625624765
2021-12-27,0.0004001211559787591
2021-12-28,0.00032143308754958383
2021-12-29,0.00021760161517657333
2021-12-30,0.001352811425136716
2021-12-31,0.0008276524288652251
2022-01-03,0.0
2022-01-04,0.00022136797541226353
2022-01-05,0.00014143637423794607
2022-01-06,0.00022733471334831346
2022-01-07,0.00020800591284016252
2022-01-10,0.0010066131687035318
2022-01-11,0.0016728416094127442
2022-01-12,0.0018627037307486613
2022-01-13,0.0005022793455608461
2022-01-14,0.00010420495505700694
2022-01-17,0.0024807267014055863
2022-01-18,0.001648562471987495
2022-01-19,0.0020443616692329978
2022-01-20,0.0005591893839471226
2022-01-21,0.00027833187181908577
2022-01-24,0.000497494412157673
2022-01-25,0.000440262814288905
2022-01-26,0.0006732048242136775
2022-01-27,0.0019093843196858
2022-01-28,0.00014780594710771285
2022-01-31,0.0
2022-02-01,0.0
2022-02-02,0.0
2022-02-03,0.0
2022-02-04,0.0
2022-02-07,0.001224583972912644
2022-02-08,0.00018079427134704083
2022-02-09,0.0005405832440429721
2022-02-10,0.0005346521794188101
2022-02-11,0.00040381096024245537
2022-02-14,0.00018215118196085803
2022-02-15,0.0
2022-02-16,8.095261113450045e-05
2022-02-17,8.156149528538958e-05
2022-02-18,0.0006730793211327171
2022-02-21,0.0011868184881322745
2022-02-22,0.001259935359136044
2022-02-23,0.0007275297788859273
2022-02-24,0.0031063984830124952
2022-02-25,0.0006645628716701016
2022-02-28,0.00038778719085452056
2022-03-01,0.000632930078576402
2022-03-02,0.00032715147155753735
2022-03-03,0.0010173363387714432
2022-03-04,0.00034035525247990295
2022-03-07,0.0003597343171815197
2022-03-08,0.0013972895191798002
2022-03-09,0.0008004687296809837
2022-03-10,0.0010209456182699683
2022-03-11,0.0007206659424192086
2022-03-14,0.0005951001171190642
2022-03-15,0.0004414743930810814
2022-03-16,5.011746145096365e-05
2022-03-17,8.703624890614193e-05
2022-03-18,0.0001359956238993697
2022-03-21,8.343289306040405e-05
2022-03-22,3.19194986649782e-05
2022-03-23,8.186995314184335e-05
2022-03-24,0.00015865002973700803
2022-03-25,0.0006885124371636931
2022-03-28,0.0013495641121173826
2022-03-29,0.0008791659849304159
2022-03-30,0.0007859462381210603
2022-03-31,0.0004601404604644279
2022-04-01,0.002052650454941993
2022-04-04,0.001238293843979244
2022-04-05,0.0012245827353371947
2022-04-06,0.0011783528311945706
2022-04-07,0.0010108179718536987
2022-04-08,0.0011593372333594087
2022-04-11,0.0
2022-04-12,0.0028320801042928203
2022-04-13,0.002525107568152622
2022-04-14,0.0005119603902980478
2022-04-15,0.0012592937559261282
2022-04-18,0.0018417367009539545
2022-04-19,0.0029962419406488754
2022-04-20,0.002310775123321383
2022-04-21,0.0031101039222724137
2022-04-22,0.0027739025599597482
2022-04-25,0.002216371766926066
2022-04-26,0.0023570908312979784
2022-04-27,0.0006820172110911617
2022-04-28,0.0004850586220439439
2022-04-29,0.0010456286559311482
2022-05-02,0.0
2022-05-03,0.0
2022-05-04,0.000993271663105963
2022-05-05,0.0028628411105852017
2022-05-06,0.001485983226537974
2022-05-09,0.00178481485941604
2022-05-10,0.0017986198396760873
2022-05-11,0.0008171654217846489
2022-05-12,0.0017787634316898115
2022-05-13,0.0016329572919048536
2022-05-16,0.006212425963558573
2022-05-17,0.003639920899559683
2022-05-18,0.0006010379312216671
2022-05-19,0.002204224867751855
2022-05-20,0.002373723005053497
2022-05-23,0.003469368674053429
2022-05-24,0.002492703332375124
2022-05-25,0.0008490780575733919
2022-05-26,0.0004948650178205031
2022-05-27,0.00014256275422491578
2022-05-30,0.0004948650178204975
2022-05-31,0.00046075005397296716
2022-06-01,0.0006043251185343433
2022-06-02,0.0
2022-06-03,0.0006177393213357107
2022-06-06,0.0014383652150434033
2022-06-07,0.0014855598217552043
2022-06-08,0.001627519572685713
2022-06-09,0.0004441358587221324
2022-06-10,0.0006908244983829037
2022-06-13,0.0003055921953831654
2022-06-14,0.0011236024049759835
2022-06-15,0.002530992860439026
2022-06-16,0.0021362718313296327
2022-06-17,0.0007832351707097137
2022-06-20,0.003917829756062202
2022-06-21,0.002669674821949867
2022-06-22,0.0008524026283637942
2022-06-23,0.0008017131972541305
2022-06-24,0.0
2022-06-27,0.0
2022-06-28,0.0016312778989400472
2022-06-29,0.0017412520063033684
2022-06-30,0.001502284849779552
2022-07-01,0.0061848671950136425
2022-07-04,0.0025395828729717147
2022-07-05,0.0017892432193942277
2022-07-06,0.0023737230050535083
2022-07-07,0.004349471053901966
2022-07-08,0.0007395045561520783
2022-07-11,0.0017023966134807078
2022-07-12,0.0
2022-07-13,0.00039422469369566454
2022-07-14,0.0029015098539207297
2022-07-15,0.0009172892255327957
2022-07-18,0.0004123731890946907
2022-07-19,0.0008677086551887128
2022-07-20,0.0013937452408594273
2022-07-21,0.0017897387800156095
2022-07-22,0.000683767786668225
2022-07-25,0.0016041823213488067
2022-07-26,0.000827653080787005
2022-07-27,0.0015223788202174745
2022-07-28,0.0006471568692890307
2022-07-29,0.0006431175964049389
2022-08-01,0.0020234535021922094
2022-08-02,0.0007063822661058346
2022-08-03,0.0006920110387930243
2022-08-04,0.00039678515452669713
2022-08-05,0.0009462313976495153
2022-08-08,0.0006044400376845027
2022-08-09,0.0008731261589103535
2022-08-10,0.0004157018445477015
2022-08-11,0.0028494321053263074
2022-08-12,0.000532913458367024
2022-08-15,8.621239233933491e-05
2022-08-16,0.00037908798262354445
2022-08-17,0.0006026791831234398
2022-08-18,0.0009875224016714138
2022-08-19,0.0005696074978454928
2022-08-22,0.0003664552540958632
2022-08-23,0.0006498322453410948
2022-08-24,0.00013425287413116707
2022-08-25,0.00018773426494474244
2022-08-26,0.0011542282400418139
2022-08-29,0.0016258022738807143
2022-08-30,0.00028918470055821767
2022-08-31,0.0002906813086722251
2022-09-01,0.0
2022-09-02,0.0
2022-09-05,0.00021934263425956246
2022-09-06,0.000344163162708196
2022-09-07,0.001886425538018224
2022-09-08,0.001969777562031873
2022-09-09,0.001117027064200268
2022-09-12,0.00010361715786615715
2022-09-13,0.000359389896304843
2022-09-14,0.0017314147235144165
2022-09-15,0.00039422417090550246
2022-09-16,0.0008488020535468049
2022-09-19,0.001957055548954952
2022-09-20,0.0011820010886509297
2022-09-21,0.00027577399518698625
2022-09-22,0.0010671317527285885
2022-09-23,0.0002642832578017852
2022-09-26,0.001170902408717752
2022-09-27,0.0007218157480277835
2022-09-28,0.0006283621142679888
2022-09-29,0.0015318129669285
2022-09-30,0.002641459033657216
2022-10-03,0.0015519825265090158
2022-10-04,0.00044413430840577764
2022-10-05,0.0007983706321300943
2022-10-06,0.0024500117562324874
2022-10-07,0.001897570189696772
2022-10-10,0.0023273134085862782
2022-10-11,0.0022862971621726764
2022-10-12,0.00108440112393265
2022-10-13,0.0009489318666061214
2022-10-14,0.0007552294570696102
2022-10-17,0.0011704647056889478
2022-10-18,0.0006324189486799753
2022-10-19,0.00021918974622831165
2022-10-20,0.00036477078410180035
2022-10-21,0.0013488707434569829
2022-10-24,0.0016343317653742433
2022-10-25,0.006306413479766395
2022-10-26,0.003289711357598893
2022-10-27,0.0033453791383906304
2022-10-28,0.0018490765388867291
2022-10-31,0.003804722321731544
2022-11-01,0.0005325927935979846
2022-11-02,0.0004888082513955885
2022-11-03,0.0008513359401385972
2022-11-04,0.0012154834734266558
2022-11-07,0.0016118533709032932
2022-11-08,0.0007845899487124936
2022-11-09,0.005030499198635605
2022-11-10,0.001271070489097234
2022-11-11,0.0022384927950912245
2022-11-14,0.0008351278113827293
2022-11-15,0.00040231213488380215
2022-11-16,0.006676766727374001
2022-11-17,0.0002599651810823366
2022-11-18,0.0029655732901316583
2022-11-21,0.0009319805844721034
2022-11-22,0.0035585512078119075
2022-11-23,0.002975539125432922
2022-11-24,0.0024500117562324874
2022-11-25,0.001080151856526026
2022-11-28,0.00034537610536885876
2022-11-29,0.0030664399251059756
2022-11-30,0.0016809256641517752
2022-12-01,0.005591700912927872
2022-12-02,0.003104842396195982
2022-12-05,0.00030015870478872
2022-12-06,0.0035955924122991877
2022-12-07,0.0022764656298068487
2022-12-08,0.0007805380958160786
2022-12-09,0.0009748530214845097
2022-12-12,0.003246095106296055
2022-12-13,0.004397845657113833
2022-12-14,0.0013558843049644713
2022-12-15,0.0006381145810425336
2022-12-16,0.0013133188026857477
2022-12-19,0.0027057992710430513
2022-12-20,0.002495319048008685
2022-12-21,0.003537764841251614
2022-12-22,0.001856457045707592
2022-12-23,0.0014246073041606988
2022-12-26,0.0025075837187697194
2022-12-27,0.002416366387679735
2022-12-28,0.0008493418738854104
2022-12-29,0.0006674236389008327
2022-12-30,0.000207215211079916
2023-01-02,0.0
2023-01-03,0.0018606960766144797
2023-01-04,0.0002199125619867444
2023-01-05,0.0007269709060789278
2023-01-06,0.0003689396655564525
2023-01-09,0.0005743545246888036
2023-01-10,0.0013117291968292634
2023-01-11,0.0007765193894041039
2023-01-12,0.00029218568801518045
2023-01-13,0.0003957332023919209
2023-01-16,0.0004486205982859134
2023-01-17,0.0011439724125218269
2023-01-18,0.0003970315326798607
2023-01-19,0.000629259653739797
2023-01-20,0.0
2023-01-23,0.0
2023-01-24,0.0
2023-01-25,0.0
2023-01-26,0.0
2023-01-27,0.0010204756663580914
2023-01-30,0.0008914129286110741
2023-01-31,0.0013380549297292593
2023-02-01,0.00297792882442828
2023-02-02,0.0007960561290213234
2023-02-03,0.000585992529559226
2023-02-06,0.0004696788518591073
2023-02-07,0.0016291690169238139
2023-02-08,0.0011108223736879714
2023-02-09,0.0004166996888421617
2023-02-10,0.0003713716322321031
2023-02-13,0.0016312789895152797
2023-02-14,0.00023118896828046726
2023-02-15,0.0006894927866921476
2023-02-16,0.0003674284658622071
2023-02-17,0.00025112382870086104
2023-02-20,0.001595981562699021
2023-02-21,0.0003725955934784928
2023-02-22,0.0011661994232952078
2023-02-23,0.0010543443539638632
2023-02-24,0.0006603023719788473
2023-02-27,0.0005548139599681632
2023-02-28,0.0002273354799226836
2023-03-01,0.0021245684610550365
2023-03-02,0.0002083217272214642
2023-03-03,0.00044174681561035234
2023-03-06,0.0005756958139420376
2023-03-07,0.00012601844905597528
2023-03-08,0.0007395041259919613
2023-03-09,0.0002952356167007448
2023-03-10,0.0001598683180327844
2023-03-13,0.00035784852505787106
2023-03-14,0.0005323069761046425
2023-03-15,0.00042267678183458327
2023-03-16,0.00034808181072941413
2023-03-17,0.0006068548750532895
2023-03-20,0.0013385553386041514
2023-03-21,0.001273591582716807
2023-03-22,0.0005137181599763978
2023-03-23,0.001559279172917286
2023-03-24,0.00047486664703721423
2023-03-27,0.0019719479561837758
2023-03-28,0.0005359616417241608
2023-03-29,0.0014396535083890437
2023-03-30,0.00043157041261683614
2023-03-31,0.002174740552783451
2023-04-03,0.000956188017306519
2023-04-04,0.001169417974970242
2023-04-05,0.00032628397557926073
2023-04-06,0.0011694179749702333
2023-04-07,0.0013860588192519346
2023-04-10,0.0016679877206548627
2023-04-11,0.0014483606025914712
2023-04-12,0.0006626654201619912
2023-04-13,0.0006010405996119887
2023-04-14,0.0019075967463969908
2023-04-17,0.000540583095221769
2023-04-18,0.0019594994990555547
2023-04-19,0.0007646428946100387
2023-04-20,0.0003945679225347068
2023-04-21,0.0010760567800906769
2023-04-24,0.0008138507705983031
2023-04-25,0.0015923550896406835
2023-04-26,0.0010387895231575494
2023-04-27,0.0007048215161149574
2023-04-28,0.0013741832370216891
2023-05-01,0.0
2023-05-02,0.0
2023-05-03,0.0
2023-05-04,0.0008956501879817154
2023-05-05,0.00022147145583549784
2023-05-08,0.00022225760245862862
2023-05-09,0.00034028685941842404
2023-05-10,0.00026207141961499244
2023-05-11,0.00019969955695516638
2023-05-12,0.0013720021867017322
2023-05-15,0.000868327121717558
2023-05-16,0.00019283299832125939
2023-05-17,0.0005462070532132885
2023-05-18,0.001831109621804094
2023-05-19,0.0003718399060047258
2023-05-22,0.0007074255906804664
2023-05-23,0.0004190018461930738
2023-05-24,0.0
2023-05-25,0.0005244597331520219
2023-05-26,0.0002520080150582576
2023-05-29,0.0005190501418286308
2023-05-30,0.0010615079464111595
2023-05-31,0.0005137176737157203
2023-06-01,0.0008585780543463278
2023-06-02,0.00019443479165850652
2023-06-05,0.000756881280930816
2023-06-06,0.000835128389455156
2023-06-07,0.0002024115306669385
2023-06-08,0.0007225262093337838
2023-06-09,0.00040436259109630446
2023-06-12,0.0003225648760572559
2023-06-13,0.00027640903952092394
2023-06-14,0.00023594285662451196
2023-06-15,8.699888641590408e-05
2023-06-16,0.0008585780543463353
2023-06-19,0.00020800719176060736
2023-06-20,0.00020104838172365044
2023-06-21,0.0009153044109035001
2023-06-22,0.0
2023-06-23,0.0002707597350750343
2023-06-26,0.0010094993250370104
2023-06-27,0.00021704318377316776
2023-06-28,0.00034486335019598944
2023-06-29,0.0011863203027700753
2023-06-30,0.00038778632437052777
2023-07-03,6.7223006100042e-05
2023-07-04,0.0009680635673415638
2023-07-05,0.0003877885210803787
2023-07-06,0.0003955326140791073
2023-07-07,0.00036113371485129353
2023-07-10,0.0005763092510920823
2023-07-11,0.00020677531253820324
2023-07-12,0.0002963467178894833
2023-07-13,0.00015530657610474236
2023-07-14,0.00032244463220258186
2023-07-17,0.0002494171577926395
2023-07-18,0.00017533044390856222
2023-07-19,0.0001518931134503235
2023-07-20,0.00036355134611784954
2023-07-21,0.0004276048472977884
2023-07-24,0.0001929808781950704
2023-07-25,0.00014720865157416465
2023-07-26,5.635648044585681e-05
2023-07-27,0.00042494266700853053
2023-07-28,0.0003342799078102762
2023-07-31,0.00032726793622162237
2023-08-01,0.0002674919011500094
2023-08-02,0.00010313878385435323
2023-08-03,0.000406967954597275
2023-08-04,0.0004094651304891338
2023-08-07,5.11177071784567e-05
2023-08-08,0.00035811821867500897
2023-08-09,0.00012143566758065321
2023-08-10,0.00019783217203725835
2023-08-11,0.0003635513461178544
2023-08-14,0.0004888101921194771
2023-08-15,0.00016378564505270974
2023-08-16,0.00010345788988443121
2023-08-17,0.00032628427391888045
2023-08-18,0.0018042820721508614
2023-08-21,0.0005086960524820541
2023-08-22,0.0024992407358428257
2023-08-23,0.0002094396072902595
2023-08-24,0.0004469800775542585
2023-08-25,0.00017314372077961243
2023-08-28,0.00016993717184572368
2023-08-29,0.0002674919011500137
2023-08-30,0.0017724411829589074
2023-08-31,0.0008060516472710487
2023-09-01,0.0
2023-09-04,0.0
2023-09-05,0.0001590296200744112
2023-09-06,0.0017341799611131695
2023-09-07,0.0009180092177262725
2023-09-08,0.00035105702187284576
2023-09-11,0.0013135474368094326
2023-09-12,0.002085634238796143
2023-09-13,0.0008325223388991542
2023-09-14,0.0011074736580952186
2023-09-15,0.0009837286024648967
2023-09-18,0.0005078928747076813
2023-09-19,0.0003904315843716924
2023-09-20,0.0003017185723684542
2023-09-21,0.0010543427252522398
2023-09-22,0.0011164589191018355
2023-09-25,0.0022870827388348676
2023-09-26,0.0025075803905268185
2023-09-27,0.0014868869200138802
2023-09-28,0.002019268277681543
2023-09-29,0.0008096732036257152
2023-10-02,0.00037886126342620514
2023-10-03,0.0018529497572880146
2023-10-04,0.0027894170788532236
2023-10-05,0.0011676456595652155
2023-10-06,0.002487080299446611
2023-10-09,0.0006488098226325585
2023-10-10,0.0007030259088962514
2023-10-11,0.0018583066394991259
2023-10-12,0.0006505230213518794
2023-10-13,0.0012405978015767628
2023-10-16,0.0012298884613288084
2023-10-17,0.0042783232146897535
2023-10-18,0.003736475236483062
2023-10-19,0.002152279437323136
2023-10-20,0.005505567297644966
2023-10-23,0.0012016271403801505
2023-10-24,0.0006862761073875553
2023-10-25,0.000637241598075296
2023-10-26,0.0008654118264989868
2023-10-27,0.0024392765056167566
2023-10-30,0.0021599653424781216
2023-10-31,0.002919175905477341
2023-11-01,0.002185484645317694
2023-11-02,0.0010965084544161837
2023-11-03,0.0009070955774179807
2023-11-06,0.00035957047947845247
2023-11-07,0.0007383141961229338
2023-11-08,0.00206043517052698
2023-11-09,0.0006777984601641277
2023-11-10,0.001328888090299835
2023-11-13,0.0005410331494555313
2023-11-14,0.0005362479735091481
2023-11-15,0.0005981641515063988
2023-11-16,0.0008380036500832757
2023-11-17,0.0007490309830603725
2023-11-20,0.001775478584375941
2023-11-21,0.0002168407505523043
2023-11-22,0.00035105702187284576
2023-11-23,0.002305344379255759
2023-11-24,0.0007729481495509958
2023-11-27,0.00030015870001352536
2023-11-28,0.0007748351938567947
2023-11-29,0.00021785708316873596
2023-11-30,0.00026011533365861403
2023-12-01,0.0003080465483539193
2023-12-04,0.0009704590436585978
2023-12-05,0.00014921183978580484
2023-12-06,0.00010303464670429358
2023-12-07,0.001948579787283662
2023-12-08,0.00020064228680919183
2023-12-11,0.0005601246342504035
2023-12-12,7.222710228617909e-05
2023-12-13,0.0003678645541136495
2023-12-14,9.924502177772047e-05
2023-12-15,0.00026567145415551976
2023-12-18,0.00020064228680919183
2023-12-19,0.0003244051773552095
2023-12-20,5.667848809871354e-05
2023-12-21,0.0001722332492028769
2023-12-22,0.00010515576219137469
2023-12-25,0.00032143194880276233
2023-12-26,0.00011762840488547475
2023-12-27,0.0001455704169912656
2023-12-28,5.5159496451224536e-05
2023-12-29,4.543290722214864e-05
2024-01-01,0.0
2024-01-02,0.0005360953259109394
2024-01-03,5.839596649522875e-05
2024-01-04,0.00036687167372218574
2024-01-05,6.893690782412054e-05
2024-01-08,0.00016949300701371797
2024-01-09,0.0003834390030178344
2024-01-10,0.00026588032693777516
2024-01-11,0.00033013470575684906
2024-01-12,0.00016719594256122016
2024-01-15,0.0005184518301854889
2024-01-16,0.0003771112498776802
2024-01-17,0.0017357769595077802
2024-01-18,0.00043267034542600373
2024-01-19,0.0007236189803730948
2024-01-22,0.0003271948288224165
2024-01-23,0.00011150441624852562
2024-01-24,0.0004451094442873298
2024-01-25,0.0
2024-01-26,6.327452619633583e-05
2024-01-29,0.00015776236800375568
2024-01-30,8.708382060051125e-05
2024-01-31,0.0011833588581511211
2024-02-01,0.00018825379084596374
2024-02-02,0.0
2024-02-05,0.00018631387088372447
2024-02-06,0.00018215131581271544
2024-02-07,0.00010954202071611112
2024-02-08,0.0
2024-02-09,0.0
2024-02-12,0.0
2024-02-13,0.0
2024-02-14,0.0
2024-02-15,0.00010976696195539325
2024-02-16,0.00036206700704846504
2024-02-19,0.00046155369078004684
2024-02-20,0.0010708267701141554
2024-02-21,0.0003495424862721269
2024-02-22,0.00016423818977255903
2024-02-23,0.0008931031669037004
2024-02-26,0.0016664301817094177
2024-02-27,0.0002479356026471617
2024-02-28,0.0001288927481159806
2024-02-29,0.0022189326615246353
2024-03-01,0.0012487288698529385
2024-03-04,0.00010722161818613012
2024-03-05,0.002444745909959512
2024-03-06,0.00027970145091190654
2024-03-07,0.00033931812985951867
2024-03-08,0.0008414998600090462
2024-03-11,0.0004677056059398021
2024-03-12,0.0003778094121327455
2024-03-13,0.0002690203876021144
2024-03-14,0.00033822515933789834
2024-03-15,0.0011407787995994366
2024-03-18,0.0017503657462474053
2024-03-19,0.0003505456291176798
2024-03-20,0.0003246553342314502
2024-03-21,9.6617054445556e-05
2024-03-22,0.00045865153102464686
2024-03-25,0.00038150504160347585
2024-03-26,0.00038150504160347086
2024-03-27,0.0001573090538999623
2024-03-28,0.00032862154632243095
2024-03-29,0.0001548119393685383
2024-04-01,0.0002690203876021144
2024-04-02,0.00023414244747462114
2024-04-03,0.0006820194482914819
2024-04-04,0.0002622380604662494
2024-04-05,0.0012300413590663713
2024-04-08,0.0007805371140739816
2024-04-09,0.0006645627294714888
2024-04-10,8.183587083854023e-05
2024-04-11,0.0006423130214907482
2024-04-12,0.00035285790025067445
2024-04-15,0.0026309138459695044
2024-04-16,0.0015841282310492901
2024-04-17,0.002809970829959393
2024-04-18,0.0
2024-04-19,0.00250272416854675
2024-04-22,0.0006964298372526052
2024-04-23,0.0010783402605034512
2024-04-24,0.0009489334022113946
2024-04-25,0.000393501027032199
2024-04-26,0.0010736121833931937
2024-04-29,0.0
2024-04-30,0.0
2024-05-01,0.0
2024-05-02,0.0004840450662544796
2024-05-03,0.0006229608159771759
2024-05-06,0.0011494223727942328
2024-05-07,0.00010503708732557931
2024-05-08,0.0006401497360138441
2024-05-09,0.0002565104254220155
2024-05-10,0.00029298894330761073
2024-05-13,0.0006752267174431399
2024-05-14,0.00028813755824501184
2024-05-15,0.0004705875948356995
2024-05-16,0.00024230706942096662
2024-05-17,9.536415066917781e-05
2024-05-20,0.0001704653727693444
2024-05-21,0.00018978922958323306
2024-05-22,0.0008477517310625613
2024-05-23,0.00024126365275978725
2024-05-24,0.0014693929868841089
2024-05-27,0.00015706889730920194
2024-05-28,0.000245478258416042
2024-05-29,0.0003070091800918037
2024-05-30,0.0002798868382796282
2024-05-31,0.00017083496855112583
2024-06-03,0.0
2024-06-04,5.106214129278956e-05
2024-06-05,0.0005314002841787592
2024-06-06,0.000130312090145833
2024-06-07,0.00013086429212892114
2024-06-10,0.00016088141218805382
2024-06-11,7.949908732528525e-05
2024-06-12,0.00011275553057833901
2024-06-13,0.00024335625991929962
2024-06-14,0.002067483689516701
2024-06-17,0.00012629590540862674
2024-06-18,8.443925430769056e-05
2024-06-19,0.00011150468441268176
2024-06-20,0.00021457980641663584
2024-06-21,0.00019704138133879644
2024-06-24,0.001990029390956827
2024-06-25,0.00018609042888093565
2024-06-26,0.00016602461744869048
2024-06-27,0.0001314897451196907
2024-06-28,0.0008092430316049317
2024-07-01,0.0005087520547460246
2024-07-02,0.0004400081899852713
2024-07-03,0.00014045312409152855
2024-07-04,0.0001580131981505223
2024-07-05,0.0001804398111828303
2024-07-08,0.0001437716697197944
2024-07-09,0.0006685909275152529
2024-07-10,0.00019018462538638106
2024-07-11,0.00015547176232153447
2024-07-12,0.00010909440179247601
2024-07-15,0.00028092827620033664
2024-07-16,0.00012661008555366496
2024-07-17,0.001538864137980322
2024-07-18,0.0006100651689169089
2024-07-19,0.0005356638138194069
2024-07-22,0.0008585768201285105
2024-07-23,0.00152227626505227
2024-07-24,0.001625803311081956
2024-07-25,0.00039085566964857293
2024-07-26,0.00010402332200235073
2024-07-29,7.447721963338171e-05
2024-07-30,0.0003095586979164014
2024-07-31,0.00040350950633777176
2024-08-01,0.0023365179776629256
2024-08-02,0.0031388105845330566
2024-08-05,0.001563474528789455
2024-08-06,0.0016590641120403367
2024-08-07,0.00033804415600821765
2024-08-08,0.0009687111441446496
2024-08-09,0.001253432911276161
2024-08-12,0.00030750636278717685
2024-08-13,0.0003120457899640105
2024-08-14,0.00031512815020621
2024-08-15,0.0004353583439574933
2024-08-16,0.001545518737908899
2024-08-19,0.0001734285373343832
2024-08-20,0.0008723822635980594
2024-08-21,9.536354895396361e-05
2024-08-22,0.00023118822557658032
2024-08-23,0.000340743389326684
2024-08-26,0.00020425166547201383
2024-08-27,6.768327726204917e-05
2024-08-28,0.0003788594350926572
2024-08-29,0.00012426930577838613
2024-08-30,0.0002317213058647207
2024-09-02,0.0
2024-09-03,0.0
2024-09-04,0.0004847131655755937
2024-09-05,0.0007770072499423237
2024-09-06,0.0002138330660811856
2024-09-09,9.47024340454348e-05
2024-09-10,0.0004420647178806777
2024-09-11,0.0007210868418672632
2024-09-12,5.853049889086364e-05
2024-09-13,0.0004240577607355913
2024-09-16,0.00015334188891778338
2024-09-17,0.00036687166582087316
2024-09-18,0.00027802480217631906
2024-09-19,0.00016129272016785496
2024-09-20,0.00011450483175952623
2024-09-23,0.00030578676093302075
2024-09-24,5.4543802251282844e-05
2024-09-25,0.00019062125368880442
2024-09-26,7.32069550320403e-05
2024-09-27,8.593543801342208e-05
2024-09-30,0.00017270933771547869
2024-10-01,0.0003037181556257958
2024-10-02,9.767986394882012e-05
2024-10-03,0.0008017105125909766
2024-10-04,0.00014787157378729347
2024-10-07,0.00018052390473965823
2024-10-08,0.0002588045695590178
2024-10-09,0.00013204604586447707
2024-10-10,0.00010165530686997832
2024-10-11,6.557060195344908e-05
2024-10-14,6.44074768643875e-05
2024-10-15,0.0002005979374016806
2024-10-16,9.170626568890517e-05
2024-10-17,0.0004596114387123205
2024-10-18,6.737526717486272e-05
2024-10-21,0.0001950813423173022
2024-10-22,0.000964984913449002
2024-10-23,0.000168423376118707
2024-10-24,0.00041452688804463313
2024-10-25,1.9310439911751798e-05
2024-10-28,0.00025465329378421964
2024-10-29,3.3107560576538375e-05
2024-10-30,5.223023667679302e-05
2024-10-31,6.266933292353478e-05
2024-11-01,0.00015223114133622792
2024-11-04,0.0012817059995897046
2024-11-05,9.71621037727061e-05
2024-11-06,7.07177739993265e-05
2024-11-07,0.00012426930577838906
2024-11-08,0.00021533048347795793
2024-11-11,0.00023882419945617963
2024-11-12,0.0003214314742879902
2024-11-13,0.00018086539155791028
2024-11-14,0.0007604482245722312
2024-11-15,0.00045732034223134384
2024-11-18,0.0008879217549532767
2024-11-19,0.00028275649362347104
2024-11-20,0.0022937937024448633
2024-11-21,0.00011709769139829291
2024-11-22,8.858946467259485e-05
2024-11-25,0.00025588811912597136
2024-11-26,0.00024567262755465993
2024-11-27,8.628698409783012e-05
2024-11-28,8.628698409783255e-05
2024-11-29,8.690502689391819e-05
2024-12-02,8.587778344504678e-05
2024-12-03,0.0001472092357495886
2024-12-04,0.00041452688804463313
2024-12-05,0.00288942334202604
2024-12-06,0.00013599683097392394
2024-12-09,5.6808091974454076e-05
2024-12-10,7.934310081989581e-05
2024-12-11,0.00011896814161111786
2024-12-12,0.00011978115333203286
2024-12-13,6.83056678521644e-05
2024-12-16,0.0001078390332422907
2024-12-17,0.0001734285373343832
2024-12-18,0.00015764632193433396
2024-12-19,7.088309635049523e-05
2024-12-20,7.055301381156692e-05
2024-12-23,3.1356327083356415e-05
2024-12-24,0.00012840818067727663
2024-12-25,0.0004994814874411365
2024-12-26,3.954752194413505e-05
2024-12-27,7.088309635049523e-05
2024-12-30,6.98997283670986e-05
2024-12-31,7.188850354464373e-05
2025-01-01,0.0
2025-01-02,6.090611602237774e-05
2025-01-03,0.00025040109579835664
2025-01-06,0.0005561762663676713
2025-01-07,0.00017812661485575729
2025-01-08,0.00017681248973609495
2025-01-09,0.00010643286512517453
2025-01-10,0.00035008647266614325
2025-01-13,0.0005743561918791578
2025-01-14,7.877343406861795e-05
2025-01-15,0.0001223307583065605
2025-01-16,0.0001223307583065605
2025-01-17,2.631617895625604e-05
2025-01-20,0.00015296972957156622
2025-01-21,7.686839833781337e-05
2025-01-22,3.449799331869693e-05
2025-01-23,0.0003292471109378631
2025-01-24,4.2458996975935136e-05
2025-01-27,0.0
2025-01-28,0.0
2025-01-29,0.0
2025-01-30,0.0
2025-01-31,0.0
2025-02-03,7.686839833781108e-05
2025-02-04,0.00016964316973840294
2025-02-05,5.1979726572399154e-05
2025-02-06,8.774118274564118e-05
2025-02-07,1.9030917616717053e-05
2025-02-10,0.0001725414786476982
2025-02-11,7.686839833781337e-05
2025-02-12,0.0001537137061773531
2025-02-13,1.352546088016338e-05
2025-02-14,0.00023174776671460465
2025-02-17,0.0005614659752868125
2025-02-18,6.163207335486256e-05
2025-02-19,8.5471486785114e-05
2025-02-20,0.00014110757686353008
2025-02-21,8.506806670401095e-05
2025-02-24,0.001600500324481425
2025-02-25,0.00031931063927546736
2025-02-26,0.0013057264810820229
2025-02-27,0.000414526840595181
2025-02-28,0.00020987859416781015
2025-03-03,0.0012448661018490304
2025-03-04,0.000892018648433774
2025-03-05,0.0007069518331274933
2025-03-06,0.0008966712248613509
2025-03-07,8.875052559985805e-05
2025-03-10,0.00034954040148864595
2025-03-11,0.0005548129210432083
2025-03-12,0.00030900840735814363
2025-03-13,0.00038094232702699907
2025-03-14,0.00017148048560751886
2025-03-17,0.00028055718567984576
2025-03-18,0.00022298505914948458
2025-03-19,0.0002805571856798414
2025-03-20,0.0005569956331501098
2025-03-21,6.943957748435806e-05
2025-03-24,0.00040638385261655853
2025-03-25,0.0003090084073581482
2025-03-26,0.0004675355346484048
2025-03-27,0.00014661541177788304
2025-03-28,0.0006428311073286689
2025-03-31,0.00024142359099139397
2025-04-01,0.000241423590991398
2025-04-02,0.0002728925892722558
2025-04-03,0.0006263494856168661
2025-04-04,0.0007563152548233637
2025-04-07,0.0
2025-04-08,7.631034409867794e-05
2025-04-09,0.0006103487240389196
2025-04-10,0.0
2025-04-11,0.0017669177960018315
2025-04-14,0.0007480646932737414
2025-04-15,0.0006658346217301234
2025-04-16,0.0013923293600223078
2025-04-17,0.002861012424978039
2025-04-18,0.0003518382796608215
2025-04-21,0.0010652899627424668
2025-04-22,0.0018519109397214055
2025-04-23,0.0003655668899890593
2025-04-24,0.0011469135099606708
2025-04-25,0.00032406476590294186
2025-04-28,0.001150000318901874
2025-04-29,0.0001240225257835274
2025-04-30,0.0
2025-05-01,0.0
2025-05-02,0.0
2025-05-05,0.00010651327341747586
2025-05-06,0.00010651327341747586
2025-05-07,0.0003522769832567484
2025-05-08,0.00012336801795865185
2025-05-09,0.000245903850393192
2025-05-12,0.00012048590409566636
2025-05-13,0.00012048590409566636
2025-05-14,0.000585992303129677
2025-05-15,0.00011840769185193035
2025-05-16,0.0001525017377166742
2025-05-19,0.00020592321064923563
2025-05-20,0.00020592321064923563
2025-05-21,0.0003823165229351927
2025-05-22,0.00026236915876245423
2025-05-23,0.00032143188844619097
2025-05-26,0.002794097577395423
2025-05-27,0.002794097577395423
2025-05-28,0.0003258390672052336
2025-05-29,0.0003753767252747249
2025-05-30,0.00041565425826187895
2025-06-02,0.00037740342395746907
2025-06-03,0.00037740342395746907
2025-06-04,0.00047211261513452894
2025-06-05,0.0003054763630301895
2025-06-06,0.0002847011035644847
2025-06-09,0.00017567781617465426
2025-06-10,0.00017567781617465426
2025-06-11,0.00013487229158752324
2025-06-12,4.440566826264512e-05
2025-06-13,0.00011329880835958512
2025-06-16,0.0004053154479740889
2025-06-17,0.0004053154479740889
2025-06-18,0.00021991070970856557
2025-06-19,0.00017375414871479677
2025-06-20,4.3916546835121954e-05
2025-06-23,5.5658524630135865e-05
2025-06-24,5.5658524630135865e-05
2025-06-25,0.0005756955762375012
2025-06-26,0.0003334403070296905
2025-06-27,0.00016548069266321668
2025-06-30,0.00017976611938745837
2025-07-01,0.00017976611938745837
2025-07-02,0.00012601776557564034
2025-07-03,0.00170790316967371
2025-07-04,0.0009513130608781005
2025-07-07,0.00014573162307642158
2025-07-08,0.00014573162307642158
2025-07-09,0.0002433566496227447
2025-07-10,0.0004888100688192566
2025-07-11,0.00010882329005160444
2025-07-14,0.0019428501371282628
2025-07-15,0.0019428501371282628
2025-07-16,0.000937713244312932
2025-07-17,0.00035569152921673526
2025-07-18,0.00035143363339448883
2025-07-21,0.00042684182822036204
2025-07-22,0.00042684182822036204
2025-07-23,0.00040431047639013465
2025-07-24,0.0003574139965249769
2025-07-25,0.0002869339516520482
2025-07-28,0.0005472113488212188
2025-07-29,0.0005472113488212188
2025-07-30,0.0031931113785546453
2025-07-31,0.0007022309657913666
2025-08-01,0.000557543072545119
2025-08-04,0.00015674709924720306
2025-08-05,0.00015674709924720306
2025-08-06,0.004639895732255505
2025-08-07,7.705665491875103e-05
2025-08-08,0.0007193916042654927
2025-08-11,0.00024742924577651206
2025-08-12,0.00024742924577651206
2025-08-13,0.0005198310167947598
2025-08-14,0.0006722365679684604
2025-08-15,0.0007644469545883718
2025-08-18,0.00023571464832577554
2025-08-19,0.00023571464832577554
2025-08-20,0.00021563049618158212
2025-08-21,0.0015022861364330765
2025-08-22,0.00023919436807987994
2025-08-25,0.000809570382422286
2025-08-26,0.000809570382422286
2025-08-27,0.0009020610988541527
2025-08-28,0.00037105348178459143
2025-08-29,8.515100898691471e-05
2025-09-01,0.0
2025-09-02,0.0
2025-09-03,0.0001435606449664305
2025-09-04,0.0001435606449664305
2025-09-05,6.776780496238298e-05
2025-09-08,0.0006296248051441332
2025-09-09,0.0006296248051441332
2025-09-10,0.00012601776557563739
2025-09-11,0.0003070993259466
2025-09-12,0.0006801690444376129
2025-09-15,0.0
2025-09-16,5.118452314952403e-05
2025-09-17,0.0002998962671651559
2025-09-18,0.00022396870263241954
2025-09-19,0.00020611456804637922
2025-09-22,0.0003835829012443684
2025-09-23,0.0003835829012443684
2025-09-24,5.459940307929987e-05
2025-09-25,0.00021931065352972582
2025-09-26,6.604525356463588e-05
2025-09-29,0.00011423135171324898
2025-09-30,0.00011423135171324898
2025-10-01,0.0005080240797779784
2025-10-02,0.0001821511504685947
2025-10-03,0.00032419135393795976
2025-10-06,0.0010485200522415375
2025-10-07,0.0010485200522415375
2025-10-08,0.0005623910525116511
2025-10-09,0.00024469246474085243
2025-10-10,9.991353345951952e-05
2025-10-13,0.0001024562552838869
2025-10-14,0.0001024562552838869
2025-10-15,0.00040758827371840364
2025-10-16,0.00018845041766599145
2025-10-17,6.10977464870893e-05
2025-10-20,0.0022076027820649652
2025-10-21,0.0022076027820649652
2025-10-22,0.003235766478488113
2025-10-23,0.0005449021054941064
2025-10-24,0.0002595783659303185
2025-10-27,0.0011203098108143663
2025-10-28,0.0011203098108143663
2025-10-29,0.0002653732329143319
2025-10-30,0.0001868453189201083
2025-10-31,0.00014345885753452468
2025-11-03,0.00046211940650134196
2025-11-04,0.004120382056719902
2025-11-05,0.004120382056719902
2025-11-06,0.00014469210647901615
2025-11-07,0.0009545231909585559
2025-11-10,0.0005465352016147519
2025-11-11,0.00016034896073633767
2025-11-12,6.421706216155719e-05
2025-11-13,9.508245472886929e-05
2025-11-14,6.459898529653939e-05
2025-11-17,6.308900840502856e-05
2025-11-18,0.00019339077151051866
2025-11-19,0.00031021802262442937
2025-11-20,0.0001537947871403438
2025-11-21,8.156176492106272e-05
2025-11-24,6.596513006923562e-05
2025-11-25,0.000482866529757424
2025-11-26,0.00044413439613300097
2025-11-27,0.00010004015846573421
2025-11-28,0.00010219490834743593
2025-12-01,0.0001044200328162016
2025-12-02,0.0002517474092287893
2025-12-03,0.00016579714160941113
2025-12-04,5.2992954545061114e-05
2025-12-05,0.00024113956861765383
2025-12-08,0.00012369515427570023
2025-12-09,0.000354489438763297
2025-12-10,0.0012658604735803101
2025-12-11,0.00021070717854954952
2025-12-12,0.0006158500640515375
2025-12-15,0.0001966031487452406
2025-12-16,0.0007327598222223353
2025-12-17,0.0002501908943503622
2025-12-18,0.0002501908943503622
2025-12-19,0.0016754454724632105
2025-12-22,7.800300984148538e-05
2025-12-23,0.00028538338507208804
2025-12-24,0.00013398708247611222
2025-12-25,0.00013398708247611222
2025-12-26,0.0009020609097732822
2025-12-29,0.0002771155124203518
2025-12-30,0.0003415197848414765
2025-12-31,0.0002619141865811497
2026-01-01,0.0
2026-01-02,0.0
2026-01-05,0.000996469633049751
2026-01-06,0.0005530743228762292
2026-01-07,0.0002766229325973047
2026-01-08,0.0005279697893423439
2026-01-09,0.0004441343961330117
2026-01-12,0.0014182358853298425
2026-01-13,0.00040140490040957243
2026-01-14,0.0003138897460198177
2026-01-15,0.00022778320615095323
2026-01-16,0.0010976500556393873
2026-01-19,0.00015066738039492197
2026-01-20,0.0002862290285183901
2026-01-21,0.0004858232846322417
2026-01-22,0.00018945825048933266
2026-01-23,0.000399610753241408
2026-01-26,0.0003096451367719917
2026-01-27,0.00010506913198055664
2026-01-28,0.0001449469504105152
2026-01-29,6.883071283636433e-05
2026-01-30,0.00014230235059552274
2026-02-02,0.0001912083447182328
2026-02-03,8.356022060899421e-05
2026-02-04,0.0001589096831688311
2026-02-05,0.0001865972101871769
2026-02-06,0.00010572431667792902
2026-02-09,4.3215316111306285e-05
2026-02-10,0.00028803037677316626
2026-02-11,0.00025174740922879346
2026-02-12,0.00016784732509297475
2026-02-13,0.00027747747428628206
2026-02-16,0.0
2026-02-17,0.0
2026-02-18,0.0
2026-02-19,0.0
2026-02-20,0.0
2026-02-23,4.100614177043998e-05
2026-02-24,0.00029759260480134156
2026-02-25,0.00011996379001583517
2026-02-26,0.00012069556878438799
2026-02-27,0.0004044923670874521
2026-03-02,0.0010443548435566624
2026-03-03,0.0010443548435566624
2026-03-04,0.0014350000405322922
2026-03-05,0.000490312240905026
2026-03-06,0.0018357682776017222
2026-03-09,0.0016634014224414975
2026-03-10,0.001273590587787223
2026-03-11,0.0015672309508878229
2026-03-12,0.0002565096376298811
2026-03-13,0.0002678159146121711
2026-03-16,0.00014246009382795153
2026-03-17,0.00026113191216984747
2026-03-18,0.0002707592850258739
2026-03-19,0.00036355304786478545
2026-03-20,0.0022839325095402744
2026-03-23,0.0013309767153342658
2026-03-24,0.00014720969280246837
2026-03-25,0.000456511810975157
2026-03-26,0.00046014068750381163
2026-03-27,0.00027613694457928357
2026-03-30,0.00011663060989647095
2026-03-31,0.001456342455198623
2026-04-01,0.0003808169650954985
2026-04-02,0.0007360515595251908
2026-04-03,0.00037672509465846223
2026-04-06,0.00048404459562353464
2026-04-07,0.0011401842269588931
2026-04-08,0.0004216462722763501
2026-04-09,0.00018534171364867645
2026-04-10,0.00025200905624199173
2026-04-13,0.0010319023826621243
2026-04-14,0.00011379405499339166
2026-04-15,0.0001933477925581061
2026-04-16,0.0001692346175887746
2026-04-17,0.00014194670688214738
2026-04-20,4.245932220434864e-05
2026-04-21,0.0003030649330893098
2026-04-22,0.00024245505953531421
2026-04-23,0.0021362708199397437
2026-04-24,0.0002545657716808017
2026-04-27,0.0
2026-04-28,0.0002545657716808059
2026-04-29,0.00022501094203385803
2026-04-30,0.0
2026-05-01,0.0
2026-05-04,0.0002894832414376777
2026-05-05,0.0001074272277419773
2026-05-06,0.0007342804258308459
2026-05-07,0.0002110028001511632
2026-05-08,0.00012792344226063827
2026-05-11,0.00028623022483732926
2026-05-12,0.0003275156493868801
2026-05-13,0.00012649005764907588
2026-05-14,0.00032263579502497445
2026-05-15,6.163161639063902e-05
2026-05-18,0.0003635530478647756
2026-05-19,0.0002071295359062626
2026-05-20,0.0006287309843633534
2026-05-21,0.00019222624572610012
2026-05-22,0.0008198607539737912
2026-05-25,0.0002596963255729016
2026-05-26,0.00026403862046007044
2026-05-27,7.560192311033827e-05
2026-05-28,0.0002235773635607234
2026-05-29,0.00010019179415849023
2026-06-01,0.0002596963255729016
2026-06-02,0.00039750281160850397
2026-06-03,0.0004611092978088557
2026-06-04,0.00012549606717880487
2026-06-05,0.00015590343420400444
2026-06-08,0.0005405826841054308
2026-06-09,0.0003860965005190279
2026-06-10,0.00013837457639033566
2026-06-11,8.298199470180265e-05
2026-06-12,0.00010722105544915411
2026-06-15,0.000316017952446004
2026-06-16,0.0016271284553523498
2026-06-17,0.0008012805002058216
2026-06-18,0.0006437298174230873
2026-06-19,0.0009385863946961301
2026-06-22,0.00045927699172755533
2026-06-23,0.0021483583317256174
2026-06-24,0.0013057295322670254
2026-06-25,0.00044087058466935037
2026-06-26,0.0001279237486872551
2026-06-29,0.0004208455891776427
2026-06-30,0.0010311407733982617
2026-07-01,0.0010311407733982617
2026-07-02,0.0006869885617526631
2026-07-03,0.00016503818440376954
2026-07-06,0.0014912624156758788
2026-07-07,0.0012921432272153396
2026-07-08,0.0002565095200490746
2026-07-09,0.0008648177116956549
2026-07-10,0.00035163102436454915
2026-07-13,0.0017434512910784459
2026-07-14,0.0006104978670252438
2026-07-15,0.0013465919885537905
2026-07-16,0.0012461957731800593
2026-07-17,0.0007773899005345675
2026-07-20,0.0013085407616133305
2026-07-21,0.001101484554793503
2026-07-22,0.0010128470292645297
2026-07-23,0.003758642138561918
2026-07-24,0.0012319367350904211
2026-07-27,0.003092209134291346
2026-07-28,0.001700009544196733
2026-07-29,0.0003045355866561785
2026-07-30,0.0015592805441085613
2026-07-31,0.0004420629555967458
2026-08-03,0.00047702911431844904
2026-08-04,9.026142623375259e-05
2026-08-05,0.00030716199224419617
2026-08-06,0.00036687253496566456
2026-08-07,0.00015194655709576153
2026-08-10,0.0002634899021241484
2026-08-11,0.0006940393948503358
2026-08-12,0.00017499996469794307
2026-08-13,0.0007981239859400696
2026-08-14,0.00027324919817863164
